TaxonomicName,CatalogueNumber,Clade,Order,Family,Genus,FullName,VernacularName,TypeStatus,TypeName,DecimalLatitude,DecimalLongitude,Locality,RecordedBy,RecordNumber,CollectionDate,Country,ImageFile
Macaranga sp.,K004152003,,,Euphorbiaceae,Macaranga,Macaranga,,,,-13.216667,49.55,,"Nusbaumer, L.",LN1004,2004-01-16,Madagascar,K004152003
Macaranga sp.,K004152368,,,Euphorbiaceae,Macaranga,Macaranga,,,,-13.261944,49.589444,,"Ranarivelo, H.; Rakotonasolo, F.; Razafindratsira, A.; Rakotoniaina, J.C.",,2004-11-25,Madagascar,K004152368
Macaranga sp.,K004152008,,,Euphorbiaceae,Macaranga,Macaranga,,,,-13.876944,48.850556,,"Antilahimena, P.; Birkinshaw, C.; Lenkarabato; Cleiment",816,2001-11-15,Madagascar,K004152008
Macaranga sp.,K004152007,,,Euphorbiaceae,Macaranga,Macaranga,,,,-14.0525,48.284167,,"Rakotomalala, L.; Malcomber, S.; Velomaro, C.; Narison",2,1993-12-01,Madagascar,K004152007
Macaranga sp.,K004152373,,,Euphorbiaceae,Macaranga,Macaranga,,,,-14.241666,49.039167,,"Callmander, M.; Buerki, S.; Wohlhauser, S.; Jovazaha (guide)",,,Madagascar,K004152373
Macaranga sp.,K001898991,,,Euphorbiaceae,Macaranga,Macaranga,,,,-14.434333,49.757167,,"Koenen, E.; Onjalalaina, G.E.; Razafindrahaja, V.S",530,2014-02-17,Madagascar,K001898991
Macaranga sp.,K001037445,,,Euphorbiaceae,Macaranga,Macaranga,,,,-14.438056,49.748611,,"Rabarijaona, R.N.; Rakotoarinivo, M.; Baker, B.; Wolf, E.",,2015-05-14,Madagascar,K001037445
Macaranga sp.,K000664367,,,Euphorbiaceae,Macaranga,Macaranga,,,,-15.322222,49.846666,,"Ralimanana, H.; Andrianaivoravelona, B.; Mananjandry, A.; Jaovita",,2009-08-29,Madagascar,K000664367
Macaranga sp.,K004152010,,,Euphorbiaceae,Macaranga,Macaranga,,,,-15.424167,49.951389,,"Antilahimena, P.",2180,2003-10-11,Madagascar,K004152010
Macaranga sp.,K001370426,,,Euphorbiaceae,Macaranga,Macaranga,,,,-15.688611,47.483889,,"Rabarijaona, N.R.; Rajaovelona, L.; Rabehevitra, D.; Rakotoarison, F.",MDG 105 10 660 a,2017-11-28,Madagascar,
Macaranga sp.,K001370565,,,Euphorbiaceae,Macaranga,Macaranga,,,,-15.69,47.485833,,"Rabarijaona, N.R.; Rajaovelona, L.; Rabehevitra, D.; Rakotoarison, F.",MDG 105 10 668,2017-11-28,Madagascar,
Macaranga sp.,K006915764,,,Euphorbiaceae,Macaranga,Macaranga,,,,-16.335278,46.789722,,"Razafiniary, V.; Rakotoarisoa, S.E.; Razanajatovo, H.; Randrianasolo, V.; Andriamanohera, M.A.; Rakotonirina, J.",VELS87,2020-03-16,Madagascar,
Macaranga sp.,K001899352,,,Euphorbiaceae,Macaranga,Macaranga,,,,-16.807778,49.17,,"Razafitalama,J.L.; Rakotoarinivo,M.; Andrianatenaina,W.; Britt,A.; Ranaivomanana,T.; Andriamasy,A.T.; Tarimy,A. Tsiafindra.",531,2003-12-13,Madagascar,
Macaranga sp.,K004152385,,,Euphorbiaceae,Macaranga,Macaranga,,,,-16.914166,49.929444,,s.coll.,JT211,2006-01-18,Madagascar,K004152385
Macaranga sp.,K004152369,,,Euphorbiaceae,Macaranga,Macaranga,,,,-18.1175,47.196666,,"Lehavana, A.; Rasolofonirina, J.J.",,2005-07-30,Madagascar,K004152369
Macaranga sp.,K004152370,,,Euphorbiaceae,Macaranga,Macaranga,,,,-18.1175,47.196666,,"Lehavana, A.; Rasolofonirina, J.J.",,2005-07-30,Madagascar,K004152370
Macaranga sp.,K004152371,,,Euphorbiaceae,Macaranga,Macaranga,,,,-18.119167,47.193333,,"Lehavana, A.; Rasolofonirina, J.J.",,2005-07-31,Madagascar,K004152371
Macaranga sp.,K004152383,,,Euphorbiaceae,Macaranga,Macaranga,,,,-18.421111,48.806389,,"Razakamalala, R.; Andriamihajarivo, T.; Andriatiana, J.",2280,2005-10-01,Madagascar,K004152383
Macaranga sp.,K001600327,,,Euphorbiaceae,Macaranga,Macaranga,,,,-18.49474,48.25551,,"Frederiksen, L.K.; Ralimanana, H.; Rasdarijony, T.; Dabo, J.; Harris, K.D.; Letsara, R.",LKF006,2022-07-01,Madagascar,K001600327
Macaranga sp.,K004152366,,,Euphorbiaceae,Macaranga,Macaranga,,,,-18.813611,48.43,,"Ranarivelo, H.; Rolland Ranaivojaona",,2004-11-11,Madagascar,K004152366
Macaranga sp.,K004152374,,,Euphorbiaceae,Macaranga,Macaranga,,,,-18.851667,48.318333,,"Antilahimena, P.; Félix",,2005-01-12,Madagascar,K004152374
Macaranga sp.,K004152381,,,Euphorbiaceae,Macaranga,Macaranga,,,,-18.875,48.48,,"van Nek, F.I.",1998,1993-10-27,Madagascar,K004152381
Macaranga sp.,K004152375,,,Euphorbiaceae,Macaranga,Macaranga,,,,-18.95,48.416667,,"Flores, T.C.; Westerhaus, A.; Randrianaivo, R.; Rabenantoandro, J.; Randriarimalala, S.",,1998-11-17,Madagascar,K004152375
Macaranga sp.,K004152380,,,Euphorbiaceae,Macaranga,Macaranga,,,,-19.065555,48.49,,"Razanatsima, A.; Rasoarivety, L.; Galy, F.; Celestin; Zavason",464,2007-09-23,Madagascar,K004152380
Macaranga sp.,K004152009,,,Euphorbiaceae,Macaranga,Macaranga,,,,-19.1,48.463333,,"Razanatsima, A.; Rasoarivety, L.; Galy, F.; Celestin; Zavason",497,2007-09-25,Madagascar,K004152009
Macaranga sp.,K004152011,,,Euphorbiaceae,Macaranga,Macaranga,,,,-19.160278,48.580278,,"Razanatsima, A.; Ranaivojaona, R.",50,2005-10-08,Madagascar,K004152011
Macaranga sp.,K004152382,,,Euphorbiaceae,Macaranga,Macaranga,,,,-19.163889,48.576111,,"Razanatsima, A.",166,2006-09-19,Madagascar,K004152382
Macaranga sp.,K001993916,,,Euphorbiaceae,Macaranga,Macaranga,,,,-19.638889,47.695333,,"Ralimanana, H.; Rajaonarison, R.",638,2004-11-18,Madagascar,K001993916
Macaranga sp.,K000952736,,,Euphorbiaceae,Macaranga,Macaranga,,,,-20.3175,47.678889,,"Rabarijaona, N.R.; Rakotonasolo, F.; Rakotoarinivo, M.; Rajaovelona, L.",ROM415,2013-11-06,Madagascar,K000952736
Macaranga sp.,K001304304,,,Euphorbiaceae,Macaranga,Macaranga,,,,-20.536111,46.39,,"Rakotonasolo, F.; Randrianasolo, V.; Rajaovelona, L.",MDG113_5 31,2018-08-31,Madagascar,K001304304
Macaranga sp.,K006971787,,,Euphorbiaceae,Macaranga,Macaranga,,,,-21.189722,47.509444,,"Heritiana,R.; Rasabo,P.; Rabeson,P.",RHS 877,2006-02-21,Madagascar,K006971787
Macaranga sp.,K004152006,,,Euphorbiaceae,Macaranga,Macaranga,,,,-21.25,47.45,,"Rakotozafy, A.; Randriamanantena, D.",293,1993-10-05,Madagascar,K004152006
Macaranga sp.,K004152379,,,Euphorbiaceae,Macaranga,Macaranga,,,,-21.253333,47.404722,,s.coll.,7986,1998-11-03,Madagascar,K004152379
Macaranga sp.,K004152378,,,Euphorbiaceae,Macaranga,Macaranga,,,,-21.26,47.42,,s.coll.,7947,1998-11-01,Madagascar,K004152378
Macaranga sp.,K004152384,,,Euphorbiaceae,Macaranga,Macaranga,,,,-21.337778,47.665555,,s.coll.,8127,1998-11-14,Madagascar,K004152384
Macaranga sp.,K000663868,,,Euphorbiaceae,Macaranga,Macaranga,,,,-21.396944,47.940556,,"Ranarivelo, T.; Krishnan, S.; Rakotonasolo, F.; Rajaomanitra, J.P.",RTI801,2007-12-14,Madagascar,K000663868
Macaranga sp.,K001873852,,,Euphorbiaceae,Macaranga,Macaranga,,,,-23.526111,47.500278,,"Bussman, R.W.; et al",15206,2008-08-26,Madagascar,K001873852
Macaranga sp.,K004152004,,,Euphorbiaceae,Macaranga,Macaranga,,,,,,,"Humblot, M.",s.n.,,Madagascar,K004152004
Macaranga sp.,K004152367,,,Euphorbiaceae,Macaranga,Macaranga,,,,,,,"Acevedo-Rdgz, P.; Razafindraibe, H.V.",,2005-09-24,Madagascar,K004152367
Macaranga sp.,K004152376,,,Euphorbiaceae,Macaranga,Macaranga,,,,,,,s.coll.,,,Madagascar,K004152376
Macaranga sp.,K004152005,,,Euphorbiaceae,Macaranga,Macaranga,,,,,,,"Bernardi, L.",11845,1967-12-13,Madagascar,K004152005
Macaranga sp.,K004152377,,,Euphorbiaceae,Macaranga,Macaranga,,,,,,,[Boivin],s.n.,1847-01-01,Comoros,K004152377
Macaranga sp.,K004152334,,,Euphorbiaceae,Macaranga,Macaranga,,,,,,,"Rabevohitra, R.",2041,,Madagascar,K004152334; K004152334_a
Macaranga sp.,K004152372,,,Euphorbiaceae,Macaranga,Macaranga,,,,,,,s.coll.,,,Madagascar,K004152372
Macaranga alnifolia,K004152154,,,Euphorbiaceae,Macaranga,Macaranga alnifolia Baker,,,,-12.508889,49.175833,,"Trigui, S.M.; Razanajatovo, M.H.; Ramandimbimanana, S.D.",SMT437,2008-05-27,Madagascar,K004152154
Macaranga alnifolia,K004152107,,,Euphorbiaceae,Macaranga,Macaranga alnifolia Baker,,,,-12.516667,49.133333,,"Andrianantoanina, O.; Bezana, R.",,1993-07-04,Madagascar,K004152107
Macaranga alnifolia,K000609815,,,Euphorbiaceae,Macaranga,Macaranga alnifolia Baker,,,,-12.52,49.178333,,"van Nek, F.I.",,1993-10-09,Madagascar,K000609815
Macaranga alnifolia,K004152112,,,Euphorbiaceae,Macaranga,Macaranga alnifolia Baker,,,,-12.525,49.172222,,"Razafimandimbison, S.G.",,1995-06-17,Madagascar,K004152112
Macaranga alnifolia,K004152129,,,Euphorbiaceae,Macaranga,Macaranga alnifolia Baker,,,,-12.533333,49.183333,,"Malcomber, S.; Leeuwenberg, A.; van Bergen, M.; Andriatiana, J.; Randriamampionona, B.",,1992-11-16,Madagascar,K004152129
Macaranga alnifolia,K004152106,,,Euphorbiaceae,Macaranga,Macaranga alnifolia Baker,,,,-12.533333,49.183333,,"Malcomber, S.; Leeuwenberg, A.; van Bergen, M.; Andriatiana, J.; Randriamampionona, B.",,1992-11-16,Madagascar,K004152106
Macaranga alnifolia,K004152144,,,Euphorbiaceae,Macaranga,Macaranga alnifolia Baker,,,,-12.55,49.133333,,"Schatz, G.E.; Rakotozafy, A.; D'Arcy, W.; Randrianasolo, J.",1528,1987-09-14,Madagascar,K004152144
Macaranga alnifolia,K004152135,,,Euphorbiaceae,Macaranga,Macaranga alnifolia Baker,,,,-12.55,49.133333,,"Schatz, G.E.; Rakotozafy, A.; D'Arcy, W.; Randrianasolo, J.",,1987-09-14,Madagascar,K004152135
Macaranga alnifolia,K004152103,,,Euphorbiaceae,Macaranga,Macaranga alnifolia Baker,,,,-12.566667,49.133333,,"Malcomber, S.T.; Comtet, S.",,1991-10-21,Madagascar,K004152103
Macaranga alnifolia,K004152098,,,Euphorbiaceae,Macaranga,Macaranga alnifolia Baker,,,,-12.583333,49.15,,"Andrianantoanina, O.; Rocsceohclher, B.",298,1993-08-26,Madagascar,K004152098
Macaranga alnifolia,K004152155,,,Euphorbiaceae,Macaranga,Macaranga alnifolia Baker,,,,-12.596389,49.155833,,"Gautier, L.; Ramandimbimanana, S.D.",LG5124,2007-11-04,Madagascar,K004152155
Macaranga alnifolia,K004152153,,,Euphorbiaceae,Macaranga,Macaranga alnifolia Baker,,,,-12.613055,49.193333,,"Trigui, S.M.; Razanajatovo, M.H.; Ramandimbimanana, S.D.",SMT344,2008-05-06,Madagascar,K004152153
Macaranga alnifolia,K004152127,,,Euphorbiaceae,Macaranga,Macaranga alnifolia Baker,,,,-13.2785,49.590833,,"Ranirison, P.; Nusbaumer, L.",,2005-11-20,Madagascar,K004152127
Macaranga alnifolia,K004152134,,,Euphorbiaceae,Macaranga,Macaranga alnifolia Baker,,,,-14.066667,48.283333,,"Derleth, P.",,1994-09-03,Madagascar,K004152134
Macaranga alnifolia,K004152096,,,Euphorbiaceae,Macaranga,Macaranga alnifolia Baker,,,,-14.066667,48.283333,,"Gautier, L.; Messmer, N.; Totozafy Be, S.",LG3143,1996-09-25,Madagascar,K004152096; K004152096_a
Macaranga alnifolia,K004152118,,,Euphorbiaceae,Macaranga,Macaranga alnifolia Baker,,,,-14.118889,48.980555,,"Ludovic, R.; Velonjaka; Razafiarison, M.",,2003-04-19,Madagascar,K004152118
Macaranga alnifolia,K004152119,,,Euphorbiaceae,Macaranga,Macaranga alnifolia Baker,,,,-14.118889,48.980555,,"Ludovic, R.; Velonjaka; Razafiarison, M.",,2003-04-19,Madagascar,K004152119
Macaranga alnifolia,K004152163,,,Euphorbiaceae,Macaranga,Macaranga alnifolia Baker,,,,-14.1525,48.955833,,"Birkinshaw, C.",927,2001-10-16,Madagascar,K004152163
Macaranga alnifolia,K004152104,,,Euphorbiaceae,Macaranga,Macaranga alnifolia Baker,,,,-14.436944,49.743611,,"Lewis, B.; Rasoavimbahoaka, F.; Rastefanonirina, J.",,1994-09-29,Madagascar,K004152104
Macaranga alnifolia,K004152121,,,Euphorbiaceae,Macaranga,Macaranga alnifolia Baker,,,,-14.688889,49.541667,,"Ravelonarivo, D.; Rabesonina, R.",,1995-09-01,Madagascar,K004152121; K004152121_a
Macaranga alnifolia,K004152095,,,Euphorbiaceae,Macaranga,Macaranga alnifolia Baker,,,,-15.283333,50,,"Flores, T.C.; Andriantiana, J.; Harimalala, P.",54,1998-11-12,Madagascar,K004152095
Macaranga alnifolia,K004152088,,,Euphorbiaceae,Macaranga,Macaranga alnifolia Baker,,,,-15.5,49.766667,,"Schatz, G.E.",2758,1989-09-28,Madagascar,K004152088; K004152088_a
Macaranga alnifolia,K004152123,,,Euphorbiaceae,Macaranga,Macaranga alnifolia Baker,,,,-15.625,49.975,,"Schatz, G.E.; van der Werff, H.; Gray, B.; Razafimandimbison, S.G.",,1992-10-25,Madagascar,K004152123
Macaranga alnifolia,K004152126,,,Euphorbiaceae,Macaranga,Macaranga alnifolia Baker,,,,-17.483333,48.716667,,"Ratovoson, F.; Rakotonandrasana, S.; Rakotondrajaona, R.; Andrianjafisoa dit Goalala; Randriamorasata, R.",,2003-08-03,Madagascar,K004152126
Macaranga alnifolia,K004152156,,,Euphorbiaceae,Macaranga,Macaranga alnifolia Baker,,,,-17.5,47,,"McPherson, G.; van der Werff, H.",16434,1994-10-21,Madagascar,K004152156
Macaranga alnifolia,K004152157,,,Euphorbiaceae,Macaranga,Macaranga alnifolia Baker,,,,-17.5,47,,"McPherson, G.; van der Werff, H.",16434,1994-10-21,Madagascar,K004152157
Macaranga alnifolia,K004152125,,,Euphorbiaceae,Macaranga,Macaranga alnifolia Baker,,,,-17.683611,48.647778,,"Hong Wa, C.; Ratovoson, F.; Randrianasolo, S.; Razakanirina, A.; Rabezoma",,2003-10-24,Madagascar,K004152125
Macaranga alnifolia,K004152151,,,Euphorbiaceae,Macaranga,Macaranga alnifolia Baker,,,,-17.725,48.743055,,"Rakotonandrasana, S.R.; Ratovoson, F.; Rakotondrajaona, R.; Razakanirina, A.",700,2003-07-20,Madagascar,K004152151
Macaranga alnifolia,K004152139,,,Euphorbiaceae,Macaranga,Macaranga alnifolia Baker,,,,-17.727778,48.769445,,"Randrianjanaka, L.; Zafy, P.",,1994-11-12,Madagascar,K004152139
Macaranga alnifolia,K004152102,,,Euphorbiaceae,Macaranga,Macaranga alnifolia Baker,,,,-17.9925,48.5975,,"Lowry II, P.P.; Rabehevitra, D.; Rakotonasolo, F.",,2005-09-30,Madagascar,K004152102; K004152102_a
Macaranga alnifolia,K004152101,,,Euphorbiaceae,Macaranga,Macaranga alnifolia Baker,,,,-17.9925,48.5975,,"Lowry II, P.P.; Rabehevitra, D.; Rakotonasolo, F.",,2005-09-30,Madagascar,K004152101
Macaranga alnifolia,K004152141,,,Euphorbiaceae,Macaranga,Macaranga alnifolia Baker,,,,-18,47,,"Dorr, L.J.; Barnett, L.C.; Leeuwenberg, A.J.M.; Rakotozafy, A.",4369,1985-11-21,Madagascar,K004152141
Macaranga alnifolia,K004152138,,,Euphorbiaceae,Macaranga,Macaranga alnifolia Baker,,,,-18.196111,47.29,,"Ravololonanahary, H.; Ralimanana, H.; Randrianaivo, R.; Ranaivojaona, R.; Birkinshaw, C.",,1996-10-23,Madagascar,K004152138
Macaranga alnifolia,K004152164,,,Euphorbiaceae,Macaranga,Macaranga alnifolia Baker,,,,-18.441667,47.841667,,"Rakotozafy, A.; Phillipson, P.; Malcomber, S.; Razafimandimbison, S.",2725,1991-09-02,Madagascar,K004152164
Macaranga alnifolia,K004152100,,,Euphorbiaceae,Macaranga,Macaranga alnifolia Baker,,,,-18.441667,47.841667,,"Rakotozafy, A.; Phillipson, P.; Malcomber, S.; Razafimandimbison, S.",2712,1991-09-02,Madagascar,K004152100
Macaranga alnifolia,K004152124,,,Euphorbiaceae,Macaranga,Macaranga alnifolia Baker,,,,-18.565277,47.887778,,"Rogers, Z.S.; Ranaivojaona, R.; Davidson, C.R.; Christoph, S.R.",,2006-11-17,Madagascar,K004152124
Macaranga alnifolia,K004152147,,,Euphorbiaceae,Macaranga,Macaranga alnifolia Baker,,,,-18.806667,48.330833,,"Antilahimena, P.; Edmond, F.",4179,2005-11-10,Madagascar,K004152147
Macaranga alnifolia,K004152113,,,Euphorbiaceae,Macaranga,Macaranga alnifolia Baker,,,,-18.808055,48.314166,,"Rakotovao, C.; Edmond, F.; Razafindasy, R.",,2005-08-04,Madagascar,K004152113
Macaranga alnifolia,K004152152,,,Euphorbiaceae,Macaranga,Macaranga alnifolia Baker,,,,-18.830555,48.309166,,"Bernard, R.; Ratovomanana, M.",659,2007-10-21,Madagascar,K004152152
Macaranga alnifolia,K004152128,,,Euphorbiaceae,Macaranga,Macaranga alnifolia Baker,,,,-18.857222,48.300833,,"Rabarimanarivo, M.; Antilahimena, P.; Razanatsoa, J.; Edmond, F.",,2005-11-30,Madagascar,K004152128
Macaranga alnifolia,K004152120,,,Euphorbiaceae,Macaranga,Macaranga alnifolia Baker,,,,-18.95,47.95,,"Miller, J.; Bradford, J.; Rakotonasolo, F.; Randrianasolo, A.",,1996-10-21,Madagascar,K004152120; K004152120_a
Macaranga alnifolia,K004152109,,,Euphorbiaceae,Macaranga,Macaranga alnifolia Baker,,,,-19.034722,48.366945,,"Schatz, G.E.; Lowry II, P.P.; Schmidt, H.",,2003-11-11,Madagascar,K004152109
Macaranga alnifolia,K004152099,,,Euphorbiaceae,Macaranga,Macaranga alnifolia Baker,,,,-19.1,48.7,,"van der Werff, H.; Malcomber, S.; Gray, B.; Rapanarivo, S.",12686,1992-10-11,Madagascar,K004152099
Macaranga alnifolia,K004152097,,,Euphorbiaceae,Macaranga,Macaranga alnifolia Baker,,,,-19.216667,47.166667,,"Lewis, B.; Razafimandimbison, S.",601,1993-09-20,Madagascar,K004152097
Macaranga alnifolia,K004152108,,,Euphorbiaceae,Macaranga,Macaranga alnifolia Baker,,,,-19.343055,47.297222,,"Phillipson, P.B.; Schatz, G.E.; Schmidt, H.H.; Rabehevitra, D.",,2003-10-28,Madagascar,K004152108
Macaranga alnifolia,K004152093,,,Euphorbiaceae,Macaranga,Macaranga alnifolia Baker,,,,-19.68,47.77,,"Messmer, N.; Andriatsiferana, F.",NM656,1999-01-12,Madagascar,K004152093
Macaranga alnifolia,K004152091,,,Euphorbiaceae,Macaranga,Macaranga alnifolia Baker,,,,-20.041589,47.010169,,"Rakotoarisoa, S.E. : KMCC; Andriamahay, M. : SNGF",1207,2005-11-30,Madagascar,K004152091
Macaranga alnifolia,K000953508,,,Euphorbiaceae,Macaranga,Macaranga alnifolia Baker,,,,-20.298055,47.688889,,"Andrianirina, H.C.A.H.; Rakotonasolo, F.; Rakotoarinivo, M.; Rajaovelona, L.; et al",AND 83,2013-11-05,Madagascar,K000953508
Macaranga alnifolia,K000953261,,,Euphorbiaceae,Macaranga,Macaranga alnifolia Baker,,,,-20.300833,47.679444,,"Onjalalaina, G.E.; Rakotanosolo, F.; Rakotoarinivo, M.; Rajaovelona, L.R.; Rabarijaoana, N.R.; Andrianirina, H.C.A.H.",OLG99,2013-11-04,Madagascar,K000953261
Macaranga alnifolia,K004152089,,,Euphorbiaceae,Macaranga,Macaranga alnifolia Baker,,,,-20.748333,47.317778,,"Ravelonarivo, D.; Porter, P.; Lowry II; Plunkett, G.M.",3296,2009-11-25,Madagascar,K004152089
Macaranga alnifolia,K004152162,,,Euphorbiaceae,Macaranga,Macaranga alnifolia Baker,,,,-21.25,47.45,,"Kotozafy, A.; Randriamanantena, D.; Randrianasolo, J.",215,1993-09-03,Madagascar,K004152162
Macaranga alnifolia,K004152143,,,Euphorbiaceae,Macaranga,Macaranga alnifolia Baker,,,,-21.266667,47.416667,,"Schatz, G.E.; Lowry, P.P.",1443,1987-08-18,Madagascar,K004152143
Macaranga alnifolia,K004152145,,,Euphorbiaceae,Macaranga,Macaranga alnifolia Baker,,,,-21.266667,47.416667,,"Schatz, G.E.; Lowry, P.P.",1446,1987-08-18,Madagascar,K004152145
Macaranga alnifolia,K004152146,,,Euphorbiaceae,Macaranga,Macaranga alnifolia Baker,,,,-21.266667,47.416667,,"Schatz, G.E.; Klackenberg, J.; Baum, D.",1705,1987-10-28,Madagascar,K004152146
Macaranga alnifolia,K004152130,,,Euphorbiaceae,Macaranga,Macaranga alnifolia Baker,,,,-21.266667,47.433333,,"Kotozafy, A.; Rasabo, P.; Rakoto, R.",,1994-12-09,Madagascar,K004152130
Macaranga alnifolia,K004152165,,,Euphorbiaceae,Macaranga,Macaranga alnifolia Baker,,,,-21.266667,47.416667,,"Daniels, P.S.",49,1987-09-08,Madagascar,K004152165
Macaranga alnifolia,K004152161,,,Euphorbiaceae,Macaranga,Macaranga alnifolia Baker,,,,-21.266667,47.4,,"Rakoto, R.",174,1992-08-05,Madagascar,K004152161
Macaranga alnifolia,K004152105,,,Euphorbiaceae,Macaranga,Macaranga alnifolia Baker,,,,-21.284444,47.433333,,"Rakotovao, C.; Randriantafika, F.",,2000-10-02,Madagascar,K004152105
Macaranga alnifolia,K004152111,,,Euphorbiaceae,Macaranga,Macaranga alnifolia Baker,,,,-21.5,47.4,,"Randriantafika, F.",,2000-10-19,Madagascar,K004152111
Macaranga alnifolia,K004152092,,,Euphorbiaceae,Macaranga,Macaranga alnifolia Baker,,,,-22.211667,46.845,,"Messmer, N.; Randriambololona, M.",NM875,2000-01-15,Madagascar,K004152092
Macaranga alnifolia,K004152140,,,Euphorbiaceae,Macaranga,Macaranga alnifolia Baker,,,,-22.496666,46.955,,"Rakotovao, C.; Rakotomalaza, P.J.; Messmer, N.",,1997-10-24,Madagascar,K004152140
Macaranga alnifolia,K004152137,,,Euphorbiaceae,Macaranga,Macaranga alnifolia Baker,,,,-22.496666,46.955,,"Rakotovao, C.; Rakotomalaza, P.J.; Messmer, N.",,1997-10-24,Madagascar,K004152137
Macaranga alnifolia,K004152094,,,Euphorbiaceae,Macaranga,Macaranga alnifolia Baker,,,,-22.496667,46.955,,"Messmer, N.; Rakotomalaza, P.J.; Rakotovao, C.",NM519,1997-10-27,Madagascar,K004152094
Macaranga alnifolia,K004152115,,,Euphorbiaceae,Macaranga,Macaranga alnifolia Baker,,,,-23.839722,46.955556,,"Rakotovao, C.; Andriamiarisoa, R.L.; Randrianarison, N.; Pelakoa, J.; Rafitiavanjanahary, H.S.; Mahay",,2005-09-14,Madagascar,K004152115; K004152115_a
Macaranga alnifolia,K004152114,,,Euphorbiaceae,Macaranga,Macaranga alnifolia Baker,,,,-23.839722,46.955556,,"Rakotovao, C.; Andriamiarisoa, R.L.; Randrianarison, N.; Pelakoa, J.; Rafitiavanjanahary, H.S.; Mahay",,2005-09-14,Madagascar,K004152114
Macaranga alnifolia,K004152090,,,Euphorbiaceae,Macaranga,Macaranga alnifolia Baker,,,,-24.495833,47.097777,,"Razakamalala, R.; Ramison, R.G.; Mahatsiaro, S.",4641,2009-11-17,Madagascar,K004152090
Macaranga alnifolia,K004152136,,,Euphorbiaceae,Macaranga,Macaranga alnifolia Baker,,,,-24.583333,46.735,,"Randrianaivo, R.; Andriantiana, J.",,2009-11-09,Madagascar,K004152136
Macaranga alnifolia,K004152122,,,Euphorbiaceae,Macaranga,Macaranga alnifolia Baker,,,,-24.75,46.85,,"Malcomber, S.; van der Werff, H.; Gray, B.; Rapanarivo, S.; Randriamampionona, B.",,1992-10-17,Madagascar,K004152122; K004152122_a
Macaranga alnifolia,K004152110,,,Euphorbiaceae,Macaranga,Macaranga alnifolia Baker,,,,-24.8,46.833334,,"Randriamampionona, B.",,1994-07-08,Madagascar,K004152110
Macaranga alnifolia,K004152133,,,Euphorbiaceae,Macaranga,Macaranga alnifolia Baker,,,,-24.879444,46.712778,,"Hoffmann, P.; Ranaivojaona, R.; Ralimanana, H.; Randriamampionona, B.",,2000-10-11,Madagascar,K004152133
Macaranga alnifolia,K004152170,,,Euphorbiaceae,Macaranga,Macaranga alnifolia Baker,,,,,,,"Thouvenot, M.",95,1918-01-01,Madagascar,K004152170
Macaranga alnifolia,K004152149,,,Euphorbiaceae,Macaranga,Macaranga alnifolia Baker,,,,,,,Langley Kitching,s.n.,,Madagascar,K004152149
Macaranga alnifolia,K004152150,,,Euphorbiaceae,Macaranga,Macaranga alnifolia Baker,,,,,,,"Hildebrandt, J.M.",3565,1880-08-01,Madagascar,K004152150
Macaranga alnifolia,K004152117,,,Euphorbiaceae,Macaranga,Macaranga alnifolia Baker,,,,,,,"Ranirison, P.; Nusbaumer, L.",,2005-11-15,Madagascar,K004152117
Macaranga alnifolia,K004152160,,,Euphorbiaceae,Macaranga,Macaranga alnifolia Baker,,,,,,,"Benoist, R.",1136,1951-08-31,Madagascar,K004152160
Macaranga alnifolia,K004152167,,,Euphorbiaceae,Macaranga,Macaranga alnifolia Baker,,,,,,,"Hildebrandt, J.M.",3565,1880-08-01,Madagascar,K004152167
Macaranga alnifolia,K004152169,,,Euphorbiaceae,Macaranga,Macaranga alnifolia Baker,,,,,,,"Baron, R. (Rev.)",3654,,Madagascar,K004152169
Macaranga alnifolia,K004152158,,,Euphorbiaceae,Macaranga,Macaranga alnifolia Baker,,,,,,,"Cours, G.",1573,1941-08-17,Madagascar,K004152158
Macaranga alnifolia,K001873823,,,Euphorbiaceae,Macaranga,Macaranga alnifolia Baker,,,,,,,"Loup, C.; Pignal, M.",512,2009-11-23,Comoros,K001873823
Macaranga alnifolia,K004152166,,,Euphorbiaceae,Macaranga,Macaranga alnifolia Baker,,,,,,,s.coll.,1968,,Madagascar,K004152166
Macaranga alnifolia,K004152131,,,Euphorbiaceae,Macaranga,Macaranga alnifolia Baker,,,,,,,"Trigui, S.M.; Razanajatovo, M.H.; Ramandimbimanana, S.D.",,2008-05-27,Madagascar,K004152131
Macaranga alnifolia,K004152148,,,Euphorbiaceae,Macaranga,Macaranga alnifolia Baker,,,,,,,Langley Kitching,s.n.,,Madagascar,K004152148
Macaranga alnifolia,K000425844,,,Euphorbiaceae,Macaranga,Macaranga alnifolia Baker,,Type,Macaranga alnifolia,,,,"Baron, R.",1404,,Madagascar,K000425844
Macaranga alnifolia,K004152142,,,Euphorbiaceae,Macaranga,Macaranga alnifolia Baker,,,,,,,"Aymonin; Aymonin, G.G.",24570,1970-01-01,Madagascar,K004152142
Macaranga alnifolia,K004152159,,,Euphorbiaceae,Macaranga,Macaranga alnifolia Baker,,,,,,,s.coll.,[65],,Madagascar,K004152159
Macaranga alnifolia,K004152171,,,Euphorbiaceae,Macaranga,Macaranga alnifolia Baker,,,,,,,"Humbert, H.; Perrier de la Bathie, H.",2283,1924-08-16,Madagascar,K004152171
Macaranga alnifolia,K000663441,,,Euphorbiaceae,Macaranga,Macaranga alnifolia Baker,,,,,,,"Andrianaivoravelona, B.; Rakotoarinivo, M.; Ratovonirina, G.",ANB352,2010-08-21,Madagascar,K000663441
Macaranga alnifolia,K004152132,,,Euphorbiaceae,Macaranga,Macaranga alnifolia Baker,,,,,,,"Trigui, S.M.; Razanajatovo, M.H.; Ramandimbimanana, S.D.",,2008-05-31,Madagascar,K004152132
Macaranga alnifolia,K000425845,,,Euphorbiaceae,Macaranga,Macaranga alnifolia Baker,,Unknown,,,,,"Baron, R.",1404,,Madagascar,K000425845
Macaranga alnifolia,K000663084,,,Euphorbiaceae,Macaranga,Macaranga alnifolia Baker,,,,,,,"Ralimanana, H.; Andriananatenaina, W.; Rakotonasolo, F.; Rajaonarison, R.",423,2005-01-26,Madagascar,K000663084
Macaranga alnifolia,K004152168,,,Euphorbiaceae,Macaranga,Macaranga alnifolia Baker,,,,,,,"Baron, R. (Rev.)",3654,,Madagascar,K004152168
Macaranga alnifolia,K004152116,,,Euphorbiaceae,Macaranga,Macaranga alnifolia Baker,,,,,,,"Acevedo-Rodriguez, P.; Razafindraibe, H.V.",,2005-10-01,Madagascar,K004152116
Macaranga boutonioides,K004152014,,,Euphorbiaceae,Macaranga,Macaranga boutonioides Baill.,,,,-12.466667,49.166667,,"Ramandimbimanana, S.D.; Razanajatovo, M.H.; Trigui, S.M.",SDR131,2008-05-25,Madagascar,K004152014
Macaranga boutonioides,K004151982,,,Euphorbiaceae,Macaranga,Macaranga boutonioides Baill.,,,,-12.915833,49.331389,,"Gautier, L.; Burivalova, Z.; Ranirison, P.",LG5402,2010-11-11,Madagascar,K004151982
Macaranga boutonioides,K000751739,,,Euphorbiaceae,Macaranga,Macaranga boutonioides Baill.,,,,-13.254167,49.615833,,"Rakotoarinivo, M.; Rajaonarison, R.; Vorontsova, M.; Hall, R.; Besnard, G.; Leopold dit ""Riri""",RMJ570,2011-10-12,Madagascar,K000751739
Macaranga boutonioides,K004151985,,,Euphorbiaceae,Macaranga,Macaranga boutonioides Baill.,,,,-13.416667,48.3,,"Birkinshaw, C.R.",142,1992-07-29,Madagascar,K004151985
Macaranga boutonioides,K004151983,,,Euphorbiaceae,Macaranga,Macaranga boutonioides Baill.,,,,-13.434444,48.350556,,"Ranaivojaona, R.; Tamas, P.; Andras; Dominique",223,1998-07-30,Madagascar,K004151983
Macaranga boutonioides,K004151984,,,Euphorbiaceae,Macaranga,Macaranga boutonioides Baill.,,,,-13.745,48.540278,,"Birkinshaw, C.; Randrianaivo, R.; Antilahimena, P.; Rabenantoandro, J.; Theodore",519,1998-10-03,Madagascar,K004151984
Macaranga boutonioides,K004152032,,,Euphorbiaceae,Macaranga,Macaranga boutonioides Baill.,,,,-13.761944,48.090278,,"Madiomanana, M.C.; Nusbaumer, L.; Ranirison, P.; Tahinarivony, A.J.",MAD111,2008-11-11,Madagascar,K004152032
Macaranga boutonioides,K004152036,,,Euphorbiaceae,Macaranga,Macaranga boutonioides Baill.,,,,-13.770278,47.991111,,"Gautier, L.; Ammann, M.Y.; Madiomanana, M.C.; Tahinarivony, A.J.",LG5269,2009-11-01,Madagascar,K004152036
Macaranga boutonioides,K000936871,,,Euphorbiaceae,Macaranga,Macaranga boutonioides Baill.,,,,-14.014166,48.160833,,"Rakotoarisoa, S.E. : KMCC; Andriamahay, M. : SNGF",SNFG 3855,2016-12-14,Madagascar,K000936871
Macaranga boutonioides,K004151980,,,Euphorbiaceae,Macaranga,Macaranga boutonioides Baill.,,,,-14.248333,49.0125,,"Randrianarivelo, C.; Andriamiarisoa, L.; Jaovazaha",477,2005-12-01,Madagascar,K004151980
Macaranga boutonioides,K004151996,,,Euphorbiaceae,Macaranga,Macaranga boutonioides Baill.,,,,-14.248333,49.0125,,"Randrianarivelo, C.; Andriamiarisoa, L.; Jaovazaha",478,2005-12-01,Madagascar,K004151996
Macaranga boutonioides,K004151986,,,Euphorbiaceae,Macaranga,Macaranga boutonioides Baill.,,,,-14.745833,49.494444,,"Ravelonarivo, D.; Rabesonina, R.; Ramainty, G.",349,1994-09-14,Madagascar,K004151986
Macaranga boutonioides,K001370625,,,Euphorbiaceae,Macaranga,Macaranga boutonioides Baill.,,,,-16.04,47.25,,"Rakotoarisoa, A.A.; Randrianasolo, V.; Razafimandimby, H.; Nampiandrazana",MDG 105 1,2018-09-19,Madagascar,
Macaranga boutonioides,K001370124,,,Euphorbiaceae,Macaranga,Macaranga boutonioides Baill.,,,,-16.057222,47.378056,,"Rakotoarisoa, A.A.; Randrianasolo, V.; Razafimandimby, H.; Nampiandrazana",MDG 105 42,2018-09-20,Madagascar,
Macaranga boutonioides,K004151997,,,Euphorbiaceae,Macaranga,Macaranga boutonioides Baill.,,,,-17.671389,48.753611,,"Randrianasolo, S.",303,2002-09-16,Madagascar,K004151997
Macaranga boutonioides,K004152012,,,Euphorbiaceae,Macaranga,Macaranga boutonioides Baill.,,,,-18.7975,48.3425,,"Antilahimena, P.; Razanatsoa, J.; Edmond, F.; Razafindasy, R.",3949,2005-10-11,Madagascar,K004152012
Macaranga boutonioides,K004151981,,,Euphorbiaceae,Macaranga,Macaranga boutonioides Baill.,,,,-18.838611,48.306667,,"Antilahimena, P.; Randrianasolo, T.; Edmond, F.",4491,2005-12-19,Madagascar,K004151981
Macaranga boutonioides,K004152013,,,Euphorbiaceae,Macaranga,Macaranga boutonioides Baill.,,,,-18.845833,48.309166,,"Bernard, R.; Phillipson, P.B.",635,2007-10-13,Madagascar,K004152013
Macaranga boutonioides,K004152016,,,Euphorbiaceae,Macaranga,Macaranga boutonioides Baill.,,,,-18.858889,48.300556,,"Antilahimena, P.; Razafindraibe, H.; Rabarimanarivo, M.; Razanatsoa, J.; Edmond, F.",4283,2005-11-29,Madagascar,K004152016
Macaranga boutonioides,K004152030,,,Euphorbiaceae,Macaranga,Macaranga boutonioides Baill.,,,,-18.916667,48.416667,,"McPherson, G.; van der Werff, H.",16487,1994-11-03,Madagascar,K004152030
Macaranga boutonioides,K004151999,,,Euphorbiaceae,Macaranga,Macaranga boutonioides Baill.,,,,-19.052778,48.372222,,"Schatz, G.E.; Lowry II, P.P.; Schmidt, H.",4180,2003-11-11,Madagascar,K004151999
Macaranga boutonioides,K001303211,,,Euphorbiaceae,Macaranga,Macaranga boutonioides Baill.,,,,-20.5525,46.427222,,"Rakotonasolo, F.; Randrianasolo, V.; Rajaovelona, L.",MDG113_18 80,2018-09-02,Madagascar,
Macaranga boutonioides,K004152031,,,Euphorbiaceae,Macaranga,Macaranga boutonioides Baill.,,,,-22.194166,46.971111,,"Lewis, B.; Raharilala, J.; Rakotomalala, P.J.; Andrianarisata, M.",1110,1993-12-09,Madagascar,K004152031
Macaranga boutonioides,K004152029,,,Euphorbiaceae,Macaranga,Macaranga boutonioides Baill.,,,,-22.483333,46.968334,,"Messmer, N.; Rakotomalaza, P.J.; Rakotovao, C.",NM480,1997-10-20,Madagascar,K004152029; K004152029_a
Macaranga boutonioides,K004152015,,,Euphorbiaceae,Macaranga,Macaranga boutonioides Baill.,,,,,,,"Rakotondrajaona, R.; Rakotonandrasana, S.; Ratovoson, F.; Andriamiarisoa, R.L.; Andrianjafisoa; Damy",301,2003-07-31,Madagascar,K004152015
Macaranga boutonioides,K004151998,,,Euphorbiaceae,Macaranga,Macaranga boutonioides Baill.,,,,,,,"Acevedo-Rodriguez, P.; Razafindraibe, H.V.",14458,2005-09-24,Madagascar,K004151998
Macaranga boutonioides,K004152027,,,Euphorbiaceae,Macaranga,Macaranga boutonioides Baill.,,,,,,,s.coll.,10595,,Madagascar,K004152027
Macaranga boutonioides,K004006850,,,Euphorbiaceae,Macaranga,Macaranga boutonioides Baill.,,,,,,,"Saboureau, M.P.",1635,,Madagascar,K004006850
Macaranga boutonioides,K004152017,,,Euphorbiaceae,Macaranga,Macaranga boutonioides Baill.,,,,,,,"Decary, M.R.",7969,1930-07-17,Madagascar,K004152017
Macaranga boutonioides,K004152019,,,Euphorbiaceae,Macaranga,Macaranga boutonioides Baill.,,,,,,,"Rouhan; Pignal, M.; Ibrahim, Y.; Mohamed, C.",765,2008-10-19,Comoros,K004152019
Macaranga boutonioides,K004152000,,,Euphorbiaceae,Macaranga,Macaranga boutonioides Baill.,,,,,,,"Solo, J.; Randrianasolo, J.",29,1993-10-07,Madagascar,K004152000; K004152000_a
Macaranga boutonioides,K004152021,,,Euphorbiaceae,Macaranga,Macaranga boutonioides Baill.,,,,,,,"Pascal, O.",68,1995-09-26,Mayotte,K004152021
Macaranga boutonioides,K004152270,,,Euphorbiaceae,Macaranga,Macaranga boutonioides Baill.,,,,,,,s.coll.,6252,,Madagascar,K004152270
Macaranga boutonioides,K000425838,,,Euphorbiaceae,Macaranga,Macaranga boutonioides Baill.,,Unknown,,,,,"Hildebrandt, J.M.",3195,1879-09-01,Madagascar,K000425838
Macaranga boutonioides,K004152035,,,Euphorbiaceae,Macaranga,Macaranga boutonioides Baill.,,,,,,,s.coll.,14247SF,,Madagascar,K004152035
Macaranga boutonioides,K004152026,,,Euphorbiaceae,Macaranga,Macaranga boutonioides Baill.,,,,,,,"Labat, J.N.; Barthelat, F.; Mchangama, M.; Sifary, A.B.",3276,2000-11-23,Mayotte,K004152026
Macaranga boutonioides,K004152028,,,Euphorbiaceae,Macaranga,Macaranga boutonioides Baill.,,,,,,,"Capuron, R.",28429-SF,1968-11-01,Madagascar,K004152028
Macaranga boutonioides,K004152272,,,Euphorbiaceae,Macaranga,Macaranga boutonioides Baill.,,,,,,,"Greve, M.",s.n.,,Madagascar,K004152272
Macaranga boutonioides,K004152022,,,Euphorbiaceae,Macaranga,Macaranga boutonioides Baill.,,,,,,,"Pascal, O.",608,1996-07-25,Mayotte,K004152022
Macaranga boutonioides,K004152001,,,Euphorbiaceae,Macaranga,Macaranga boutonioides Baill.,,,,,,,"Perville, M.",s.n.,1841-01-01,Madagascar,K004152001
Macaranga boutonioides,K004152023,,,Euphorbiaceae,Macaranga,Macaranga boutonioides Baill.,,,,,,,"Hoffmann, P.; Ralimanana, H.; Sifari, A.B.",375,2002-11-13,Mayotte,K004152023
Macaranga boutonioides,K004152037,,,Euphorbiaceae,Macaranga,Macaranga boutonioides Baill.,,,,,,,s.coll.,14279,,Madagascar,K004152037
Macaranga boutonioides,K004152271,,,Euphorbiaceae,Macaranga,Macaranga boutonioides Baill.,,,,,,,[Bowini],s.n.,,Madagascar,K004152271
Macaranga boutonioides,K004152002,,,Euphorbiaceae,Macaranga,Macaranga boutonioides Baill.,,,,,,,s.coll.,6443,,Madagascar,K004152002
Macaranga boutonioides,K004152025,,,Euphorbiaceae,Macaranga,Macaranga boutonioides Baill.,,,,,,,"Pignal, M.",1824,2001-09-01,Mayotte,K004152025
Macaranga boutonioides,K004152038,,,Euphorbiaceae,Macaranga,Macaranga boutonioides Baill.,,,,,,,s.coll.,16585,1957-02-16,Madagascar,K004152038
Macaranga boutonioides,K004152018,,,Euphorbiaceae,Macaranga,Macaranga boutonioides Baill.,,,,,,,"Lorence, D.; Saida, M.",2848,1979-07-24,Mayotte,K004152018
Macaranga boutonioides,K004152034,,,Euphorbiaceae,Macaranga,Macaranga boutonioides Baill.,,,,,,,"Decary, M.R.",18427,1942-09-07,Madagascar,K004152034
Macaranga boutonioides,K004152020,,,Euphorbiaceae,Macaranga,Macaranga boutonioides Baill.,,,,,,,"Lorence, D.; Saida, M.",2863,1979-07-26,Mayotte,K004152020
Macaranga boutonioides,K004152033,,,Euphorbiaceae,Macaranga,Macaranga boutonioides Baill.,,,,,,,s.coll.,15946,1956-07-08,Madagascar,K004152033
Macaranga boutonioides,K004152269,,,Euphorbiaceae,Macaranga,Macaranga boutonioides Baill.,,,,,,,s.coll.,6346,,Madagascar,K004152269
Macaranga boutonioides,K000425848,,,Euphorbiaceae,Macaranga,Macaranga boutonioides Baill.,,Unknown,,,,,Boivin,s.n.,,,K000425848
Macaranga boutonioides,K004152024,,,Euphorbiaceae,Macaranga,Macaranga boutonioides Baill.,,,,,,,"Barthelat, F.; M'Changama, M.; Barthelat, V.; Jacq, F.; Sifary, A.B.",451,2001-07-18,Mayotte,K004152024
Macaranga sp.,K000425847,,,Euphorbiaceae,Macaranga,Macaranga boutonioides Müll.Arg.,,Unknown,,,,,Boivin,s.n.,,Madagascar,K000425847
Macaranga decaryana,K004152218,,,Euphorbiaceae,Macaranga,Macaranga cf. decaryana Leandri,,,,-13.895867,48.491883,,"Wohlhauser, S.; Callmander, M.W.; Rakotomamonjy, T.; Andrianjaka, M.",SW311,2000-11-19,Madagascar,K004152218
Macaranga decaryana,K004152219,,,Euphorbiaceae,Macaranga,Macaranga cf. decaryana Leandri,,,,-22.227778,47.003611,,"Lewis, B.; Raharimalala, J.; Rahajasoa, G.; Randriambololona, M.; McDonagh, J.",859,1993-11-22,Madagascar,K004152219
Macaranga coursii,K004152214,,,Euphorbiaceae,Macaranga,Macaranga coursi Leandri,,,,,,,"Cours, M.G.",s.n.,,Madagascar,K004152214
Macaranga cupularis,K004151957,,,Euphorbiaceae,Macaranga,Macaranga cupularis Müll.Arg.,,,,-12.51,49.19,,F. I. van Nek,1926,1993-10-17,Madagascar,K004151957
Macaranga sp.,K000425834,,,Euphorbiaceae,Macaranga,Macaranga cupularis Müll.Arg.,,Unknown,,,,,Bouton,s.n.,1837-01-01,Madagascar,K000425834
Macaranga cupularis,K004151958,,,Euphorbiaceae,Macaranga,Macaranga cupularis Müll.Arg.,,,,,,,s.coll.,s.n.,,Madagascar,K004151958
Macaranga cuspidata,K004151965,,,Euphorbiaceae,Macaranga,Macaranga cuspidata Boivin ex Baill.,,,,-13.270833,49.615667,,"Ranirison, P.; Nusbaumer, L.",PR967,2005-11-13,Madagascar,K004151965
Macaranga cuspidata,K001873559,,,Euphorbiaceae,Macaranga,Macaranga cuspidata Boivin ex Baill.,,,,-13.434444,48.350556,,"Ranaivojaona, R.",219,1998-07-30,Madagascar,K001873559
Macaranga cuspidata,K004151955,,,Euphorbiaceae,Macaranga,Macaranga cuspidata Boivin ex Baill.,,,,-14.066667,48.283333,,"Gautier, L.; Messmer, N.; Totozafy, S.",LG3145,1996-09-25,Madagascar,K004151955
Macaranga cuspidata,K004151975,,,Euphorbiaceae,Macaranga,Macaranga cuspidata Boivin ex Baill.,,,,-14.066667,48.283333,,"Derleth, P.",135,1994-09-03,Madagascar,K004151975
Macaranga cuspidata,K004151964,,,Euphorbiaceae,Macaranga,Macaranga cuspidata Boivin ex Baill.,,,,-14.45,49.833334,,"Schatz, G.E.; Rakotozafy, A.; D'Arcy, W.; Randrianasolo, J.",1558,1987-09-19,Madagascar,K004151964
Macaranga cuspidata,K001634988,,,Euphorbiaceae,Macaranga,Macaranga cuspidata Boivin ex Baill.,,,,-14.613056,49.618889,,"Randrianaivo, R.; Rabary, D.; Beavao, J.C.",2513,2014-06-20,Madagascar,K001634988
Macaranga cuspidata,K004151967,,,Euphorbiaceae,Macaranga,Macaranga cuspidata Boivin ex Baill.,,,,-14.750833,49.500833,,"Ravelonarivo, D.; Lewis, B.; Rabesonina, R.",443,1994-10-18,Madagascar,K004151967
Macaranga cuspidata,K000664560,,,Euphorbiaceae,Macaranga,Macaranga cuspidata Boivin ex Baill.,,,,-15.316944,49.847222,,"Andrianaivoravelona, B.; Ralimanana, H.; Alphonse; Jaovita",ANB88,2009-08-30,Madagascar,K000664560
Macaranga cuspidata,K004151962,,,Euphorbiaceae,Macaranga,Macaranga cuspidata Boivin ex Baill.,,,,-15.5,49.766667,,"Schatz, G.E.; Klackenberg, J.; Baum, D.",1673,1987-10-14,Madagascar,K004151962
Macaranga cuspidata,K004151960,,,Euphorbiaceae,Macaranga,Macaranga cuspidata Boivin ex Baill.,,,,-15.5,49.766667,,"Schatz, G.E.",2740,1989-09-20,Madagascar,K004151960
Macaranga cuspidata,K004151951,,,Euphorbiaceae,Macaranga,Macaranga cuspidata Boivin ex Baill.,,,,-15.7,49.966667,,"Poncy, O.; Rapanarivo, S.",1554,2001-11-01,Madagascar,K004151951
Macaranga cuspidata,K004151941,,,Euphorbiaceae,Macaranga,Macaranga cuspidata Boivin ex Baill.,,,,-17.516667,49.116667,,"Lewis, B.; Razafimandimbison, S.",651,1993-09-28,Madagascar,K004151941
Macaranga cuspidata,K004151969,,,Euphorbiaceae,Macaranga,Macaranga cuspidata Boivin ex Baill.,,,,-17.546389,48.739167,,"Randrianjanaka, L.M.; Ratovoson, F.; Rakotondrajaona, R.; Rakotonandrasana, S.; Randrianjafy, N.M.; Rajoelison, O.",620,2001-09-29,Madagascar,K004151969
Macaranga cuspidata,K006960181,,,Euphorbiaceae,Macaranga,Macaranga cuspidata Boivin ex Baill.,,,,-17.709167,49.458055,,"Gervais; Clément,R.",290,2019-10-22,Madagascar,
Macaranga cuspidata,K001342261,,,Euphorbiaceae,Macaranga,Macaranga cuspidata Boivin ex Baill.,,,,-17.738447,49.409258,,"Rakotoarisoa, S.E. : KMCC; Andriamahay, M. : SNGF",SNGF 3828,2016-11-25,Madagascar,K001342261
Macaranga cuspidata,K000936850,,,Euphorbiaceae,Macaranga,Macaranga cuspidata Boivin ex Baill.,,,,-17.738447,49.409258,,"Rakotoarisoa, S.E. : KMCC; Andriamahay, M. : SNGF",SNGF 3828,2016-11-25,Madagascar,K000936850
Macaranga cuspidata,K004151961,,,Euphorbiaceae,Macaranga,Macaranga cuspidata Boivin ex Baill.,,,,-18.441667,47.841667,,"Rakotozafy, A.; Phillipson, P.; Malcomber, S.; Razafimandimbison, S.",2711,1991-09-02,Madagascar,K004151961
Macaranga cuspidata,K004151946,,,Euphorbiaceae,Macaranga,Macaranga cuspidata Boivin ex Baill.,,,,-18.813611,48.43,,"Ranarivelo, H.; Ranaivojaona, R.",RHS381,2004-11-12,Madagascar,K004151946
Macaranga cuspidata,K004151940,,,Euphorbiaceae,Macaranga,Macaranga cuspidata Boivin ex Baill.,,,,-18.916667,48.416667,,"McPherson, G.; van der Werff, H.",16488,1994-12-03,Madagascar,K004151940
Macaranga cuspidata,K001769374,,,Euphorbiaceae,Macaranga,Macaranga cuspidata Boivin ex Baill.,,,,-19.145278,48.563611,,"Razanatsima, A.; Tanjona; Mamy; Kôtsy",1824,2017-12-09,Madagascar,K001769374
Macaranga cuspidata,K004151974,,,Euphorbiaceae,Macaranga,Macaranga cuspidata Boivin ex Baill.,,,,-19.157778,48.575,,"Rolland Ranaivojaona; Razanatsima, A.; Dada",1195,2005-10-04,Madagascar,K004151974
Macaranga cuspidata,K000953235,,,Euphorbiaceae,Macaranga,Macaranga cuspidata Boivin ex Baill.,,,,-20.309722,47.712778,,"Onjalalaina, G.E.; Rakotonasolo, F.; Rakotoarinivo, M.; Rajaovelona, L.R.; Rabarijaona, N.R.; Andrianirina, H.C.A.H.",OLG67,2013-11-01,Madagascar,K000953235
Macaranga cuspidata,K004151953,,,Euphorbiaceae,Macaranga,Macaranga cuspidata Boivin ex Baill.,,,,-20.3725,48.554167,,"Razakamalala, R.; Ranaivojaona, R.; Paul, J.",1573,2004-09-27,Madagascar,K004151953
Macaranga cuspidata,K004151952,,,Euphorbiaceae,Macaranga,Macaranga cuspidata Boivin ex Baill.,,,,-20.3725,48.554167,,"Rabehevitra, D.; Razakamalala, R.; Rabevohitra, R.; Ludovic, R.",713,2003-11-08,Madagascar,K004151952
Macaranga cuspidata,K004151942,,,Euphorbiaceae,Macaranga,Macaranga cuspidata Boivin ex Baill.,,,,-21.15,47.533333,,"Rakotozafy, A.; Rasabo, P.; Ratalata, F.",792,1994-10-08,Madagascar,K004151942
Macaranga cuspidata,K004151966,,,Euphorbiaceae,Macaranga,Macaranga cuspidata Boivin ex Baill.,,,,-22.222778,46.971667,,"Lewis, B.; Raharilala, J.; Rakotomalala, P.J.; Andrianarisata, M.; McDonagh, J.",1009,1993-12-01,Madagascar,K004151966
Macaranga cuspidata,K004151968,,,Euphorbiaceae,Macaranga,Macaranga cuspidata Boivin ex Baill.,,,,-22.227778,47.003611,,"Lewis, B.; Raharimalala, J.; Rahajasoa, G.; Randriambololona, M.; McDonagh, J.",925,1993-11-22,Madagascar,K004151968
Macaranga cuspidata,K004151948,,,Euphorbiaceae,Macaranga,Macaranga cuspidata Boivin ex Baill.,,,,-22.795833,47.189889,,"Ranarivelo, T.; Ranaivojaona, R.; Rakotoarinivo, M.; Rajaonarison, R.",RTI317,2006-10-21,Madagascar,K004151948
Macaranga cuspidata,K004151945,,,Euphorbiaceae,Macaranga,Macaranga cuspidata Boivin ex Baill.,,,,-22.816667,47.283333,,"Ranarivelo, H.",RHS601,2005-10-01,Madagascar,K004151945
Macaranga cuspidata,K004151954,,,Euphorbiaceae,Macaranga,Macaranga cuspidata Boivin ex Baill.,,,,-23.028611,47.730833,,"Hoffmann, P.; Ranaivojaona, R.; Ralimanana, H.; Richard, J.; Ramaharitra, J.",280,2000-10-24,Madagascar,K004151954
Macaranga cuspidata,K004151973,,,Euphorbiaceae,Macaranga,Macaranga cuspidata Boivin ex Baill.,,,,-23.737222,47.029722,,"Rakotovao, C.; Andriamiarisoa, R.L.; Rabenarivo, V.C.; Rafitiavanjanahary, H.S.; Tojiny",2221,2005-09-21,Madagascar,K004151973
Macaranga cuspidata,K004151947,,,Euphorbiaceae,Macaranga,Macaranga cuspidata Boivin ex Baill.,,,,-24.576389,47.207778,,"Razakamalala, R.; Rabehevitra, D.; Maka, M.; Roger; Mara, B.",4052,2007-12-13,Madagascar,K004151947
Macaranga cuspidata,K004151972,,,Euphorbiaceae,Macaranga,Macaranga cuspidata Boivin ex Baill.,,,,-24.634167,46.765555,,"Bernard, R.; Randrianaivo, R.; Andriantiana, J.",1454,2009-10-21,Madagascar,K004151972
Macaranga cuspidata,K004151943,,,Euphorbiaceae,Macaranga,Macaranga cuspidata Boivin ex Baill.,,,,-24.75,46.85,,"Malcomber, S.",2628,1993-12-17,Madagascar,K004151943
Macaranga cuspidata,K000753400,,,Euphorbiaceae,Macaranga,Macaranga cuspidata Boivin ex Baill.,,,,-24.764444,46.861389,,"Randriamboavonjy, T.; Ralimanana, H.; Vorntsova, M.; Russell, H.; Besnard, G.",RTI 967,2011-11-01,Madagascar,K000753400
Macaranga cuspidata,K004151944,,,Euphorbiaceae,Macaranga,Macaranga cuspidata Boivin ex Baill.,,,,-24.783333,46.833334,,"Randriamampionona, B.",645,1993-09-10,Madagascar,K004151944
Macaranga cuspidata,K004151949,,,Euphorbiaceae,Macaranga,Macaranga cuspidata Boivin ex Baill.,,,,-24.816667,46.933334,,"Razakamalala, R.; Roger, R.; Miakamara; Damizandriana",4988,2009-11-30,Madagascar,K004151949
Macaranga cuspidata,K004151976,,,Euphorbiaceae,Macaranga,Macaranga cuspidata Boivin ex Baill.,,,,,,,s.coll.,3530,,Madagascar,K004151976
Macaranga cuspidata,K004151978,,,Euphorbiaceae,Macaranga,Macaranga cuspidata Boivin ex Baill.,,,,,,,"Lowry II, P.P.; Rakotozafy, A.; Nicoll, M.F.",4089,1986-10-11,Madagascar,K004151978
Macaranga cuspidata,K001612504,,,Euphorbiaceae,Macaranga,Macaranga cuspidata Boivin ex Baill.,,,,,,,"Razafindratsima, O.H.; Randrinasolo, M.; Anjaratiana, T.",12,2017-01-06,Madagascar,K001612504
Macaranga cuspidata,K004151977,,,Euphorbiaceae,Macaranga,Macaranga cuspidata Boivin ex Baill.,,,,,,,"Decary, M.R.",13717,1938-11-22,Madagascar,K004151977
Macaranga cuspidata,K004151963,,,Euphorbiaceae,Macaranga,Macaranga cuspidata Boivin ex Baill.,,,,,,,"Humblot, M.",411,,Madagascar,K004151963
Macaranga cuspidata,K004151956,,,Euphorbiaceae,Macaranga,Macaranga cuspidata Boivin ex Baill.,,,,,,,"Wohlhauser, S.; Ranjatson, P.",SW60034,1998-11-23,Madagascar,K004151956
Macaranga cuspidata,K004151979,,,Euphorbiaceae,Macaranga,Macaranga cuspidata Boivin ex Baill.,,,,,,,"Decary, M.R.",5617,1926-10-13,Madagascar,K004151979
Macaranga cuspidata,K000425833,,,Euphorbiaceae,Macaranga,Macaranga cuspidata Boivin ex Baill.,,Unknown,,,,,Thouars,s.n.,,,K000425833
Macaranga cuspidata,K004151971,,,Euphorbiaceae,Macaranga,Macaranga cuspidata Boivin ex Baill.,,,,,,,[JC],21,,Madagascar,K004151971
Macaranga cuspidata,K004151959,,,Euphorbiaceae,Macaranga,Macaranga cuspidata Boivin ex Baill.,,,,,,,"Hildebrandt, J.M.",3697,1880-11-01,Madagascar,K004151959
Macaranga cuspidata,K004151970,,,Euphorbiaceae,Macaranga,Macaranga cuspidata Boivin ex Baill.,,,,,,,[J.C.],21,,Madagascar,K004151970
Macaranga cuspidata,K004151950,,,Euphorbiaceae,Macaranga,Macaranga cuspidata Boivin ex Baill.,,,,,,,"Ralimanana, H.; Hoffmann, P.; Rakotonasolo, F.",725,2004-12-16,Madagascar,K004151950
Macaranga cuspidata,K000425831,,,Euphorbiaceae,Macaranga,Macaranga cuspidata Boivin ex Baill. var. ivohibensis Leandri,,Isotype,,,,,"Decary, M.",5439,1926-09-24,Madagascar,K000425831
Macaranga cuspidata,K000425832,,,Euphorbiaceae,Macaranga,Macaranga cuspidata Boivin ex Baill. var. ivohibensis Leandri,,Unknown,,,,,"Decary, M.",5439,1926-09-24,Madagascar,K000425832
Macaranga cuspidata,K000425849,,,Euphorbiaceae,Macaranga,Macaranga cuspidata Boivin ex Baill. var. sihanaka Leandri,,Type,,,,,"Humbert, H.; Cours, G.",17871,1937-10-01,Madagascar,K000425849
Macaranga danguyana,K004152216,,,Euphorbiaceae,Macaranga,Macaranga danguyana Leandri,,,,,,,"Schlieben, H.-J.",8121,1959-12-03,Madagascar,K004152216
Macaranga danguyana,K004152215,,,Euphorbiaceae,Macaranga,Macaranga danguyana Leandri,,,,,,,Thouvenot,101,,Madagascar,K004152215; K004152215_a
Macaranga decaryana,K004152217,,,Euphorbiaceae,Macaranga,Macaranga decaryana Leandri,,,,,,,"Decary, M.",5185,1926-08-16,Madagascar,K004152217
Macaranga echinocarpa,K004152223,,,Euphorbiaceae,Macaranga,Macaranga echinocarpa Baker,,,,-14.033333,48.3,,"Gautier, L.; Derleth, P.",LG2596,1994-11-17,Madagascar,K004152223; K004152223_a
Macaranga echinocarpa,K001619007,,,Euphorbiaceae,Macaranga,Macaranga echinocarpa Baker,,,,-14.203611,48.964722,,"Rakotonasolo, F. & Rakotoarisoa A. Randriamandimby, P.G.; Ranaivomanana, T.;  Heickel, J. &  Rabearison nD.",RNF 3758,2022-10-23,Madagascar,
Macaranga echinocarpa,K004152236,,,Euphorbiaceae,Macaranga,Macaranga echinocarpa Baker,,,,-14.321111,49.298889,,"Ravelonarivo, D.; Rakotovao, C.; Razakamalala, R.; Landrie (Doany)",2014,2006-11-10,Madagascar,K004152236
Macaranga echinocarpa,K004152232,,,Euphorbiaceae,Macaranga,Macaranga echinocarpa Baker,,,,-14.533333,49.7,,"Razafimandimbison, S.G.; Ravelonarivo, D.",261,1996-07-16,Madagascar,K004152232
Macaranga echinocarpa,K004152240,,,Euphorbiaceae,Macaranga,Macaranga echinocarpa Baker,,,,-15.137222,49.3575,,"Ravelonarivo, D.; Gerard, M.; Rasoanaivo",2792,2008-02-12,Madagascar,K004152240
Macaranga echinocarpa,K004152230,,,Euphorbiaceae,Macaranga,Macaranga echinocarpa Baker,,,,-15.140833,49.351111,,"Bernard, R.; Ramiadana, J.; Jocelyn, J.",729,2008-02-09,Madagascar,K004152230
Macaranga echinocarpa,K004152227,,,Euphorbiaceae,Macaranga,Macaranga echinocarpa Baker,,,,-15.29,49.5475,,"Antilahimena, P.; Pascal; Ramaroson",1725,2003-01-14,Madagascar,K004152227
Macaranga echinocarpa,K004152226,,,Euphorbiaceae,Macaranga,Macaranga echinocarpa Baker,,,,-15.323055,49.397777,,"Antilahimena, P.",2805,2004-09-06,Madagascar,K004152226
Macaranga echinocarpa,K004152228,,,Euphorbiaceae,Macaranga,Macaranga echinocarpa Baker,,,,-15.441667,49.533611,,"Antilahimena, P.",1607,2002-12-25,Madagascar,K004152228
Macaranga echinocarpa,K004152224,,,Euphorbiaceae,Macaranga,Macaranga echinocarpa Baker,,,,-15.837222,49.508889,,"Antilahimena, P.; Andre, T.; Landrice",2214,2003-10-28,Madagascar,K004152224; K004152224_a
Macaranga echinocarpa,K006960186,,,Euphorbiaceae,Macaranga,Macaranga echinocarpa Baker,,,,-16.776389,49.675278,,"Rajaonary,S.",179,2019-09-11,Madagascar,
Macaranga echinocarpa,K000663552,,,Euphorbiaceae,Macaranga,Macaranga echinocarpa Baker,,,,-18.484445,48.848889,,"Rakotonasolo, F.; Rakotoarimino, M.; Andriatiana, J.; Rajaovelona, L.",RNF1810,2011-04-11,Madagascar,K000663552
Macaranga echinocarpa,K004152239,,,Euphorbiaceae,Macaranga,Macaranga echinocarpa Baker,,,,-18.837222,48.261111,,"Antilahimena, P.; Edmond, F.; Razafindasy, R.",5120,2007-01-26,Madagascar,K004152239
Macaranga echinocarpa,K004152234,,,Euphorbiaceae,Macaranga,Macaranga echinocarpa Baker,,,,-18.838611,48.306667,,"Antilahimena, P.; Randrianasolo, T.; Edmond, F.",4489,2005-12-19,Madagascar,K004152234
Macaranga echinocarpa,K004152238,,,Euphorbiaceae,Macaranga,Macaranga echinocarpa Baker,,,,-18.86,48.288611,,"Antilahimena, P.; Razanatsoa, H.; Rakotovao, C.; Felix",3771,2005-09-26,Madagascar,K004152238
Macaranga echinocarpa,K004152237,,,Euphorbiaceae,Macaranga,Macaranga echinocarpa Baker,,,,-19.051111,48.440555,,"Razanatsima, A.; Rasoarivety, L.; Galy, F.; Celestin; Zavason",447,2007-09-23,Madagascar,K004152237
Macaranga echinocarpa,K004152229,,,Euphorbiaceae,Macaranga,Macaranga echinocarpa Baker,,,,-19.060833,48.491944,,"Razanatsima, A.; Rasoarivety, L.; Galy, F.; Celestin; Zavason",471,2007-09-24,Madagascar,K004152229; K004152229_a
Macaranga echinocarpa,K004152220,,,Euphorbiaceae,Macaranga,Macaranga echinocarpa Baker,,,,-19.143333,48.573889,,"Randrianasolo, A.; Razanatsima, A.; Foara; Zafindrafeno, C.; Mamy, F.",1514,2013-11-24,Madagascar,K004152220
Macaranga echinocarpa,K004152235,,,Euphorbiaceae,Macaranga,Macaranga echinocarpa Baker,,,,-19.155,48.5775,,"Razanatsima, A.; Ranaivojaona, R.",35,2005-10-03,Madagascar,K004152235
Macaranga echinocarpa,K004152231,,,Euphorbiaceae,Macaranga,Macaranga echinocarpa Baker,,,,-19.160278,48.578333,,"Rolland Ranaivojaona; Randrianasolo, A.; Razanatsima, A.; Velomahefa",950,2004-11-22,Madagascar,K004152231; K004152231_a
Macaranga echinocarpa,K000953510,,,Euphorbiaceae,Macaranga,Macaranga echinocarpa Baker,,,,-20.2975,47.686389,,"Andrianirina, H. C. A. H.; Rakoronasolo, F.; Rakotoarinivo, M.; Rajavelona, L.; et al",AND 85,2013-11-05,Madagascar,K000953510
Macaranga echinocarpa,K001304317,,,Euphorbiaceae,Macaranga,Macaranga echinocarpa Baker,,,,-20.536111,46.39,,"Rakotonasolo, F.; Randrianasolo, V.; Rajaovelona, L.",MDG113_5 51,2018-08-31,Madagascar,K001304317
Macaranga echinocarpa,K000753332,,,Euphorbiaceae,Macaranga,Macaranga echinocarpa Baker,,,,-22.794167,47.190278,,"Rajaovelona, L.; Rakotonasolo, F.; Davis, A.P.; Davies, N.",RJL464,2011-11-16,Madagascar,K000753332
Macaranga echinocarpa,K000425842,,,Euphorbiaceae,Macaranga,Macaranga echinocarpa Baker,,Type,Macaranga echinocarpa,,,,"Baron, R.",451,,Madagascar,K000425842
Macaranga echinocarpa,K004152221,,,Euphorbiaceae,Macaranga,Macaranga echinocarpa Baker,,,,,,,"Hildebrandt, J.M.",3686,1880-11-01,Madagascar,K004152221
Macaranga echinocarpa,K004152222,,,Euphorbiaceae,Macaranga,Macaranga echinocarpa Baker,,,,,,,[C. Forse],124,1894-11-01,,K004152222
Macaranga echinocarpa,K001967593,,,Euphorbiaceae,Macaranga,Macaranga echinocarpa Baker,,,,,,,"Forsyth Major, C.",602,,Madagascar,K001967593
Macaranga echinocarpa,K004152233,,,Euphorbiaceae,Macaranga,Macaranga echinocarpa Baker,,,,,,,"Razanatsima, A.; Ranaivojaona, R.",41,2005-10-07,Madagascar,K004152233
Macaranga echinocarpa,K004152241,,,Euphorbiaceae,Macaranga,Macaranga echinocarpa Baker,,,,,,,"Humbert, H.; Saboureau, P.",31385,1959-11-09,Madagascar,K004152241
Macaranga echinocarpa,K004152243,,,Euphorbiaceae,Macaranga,Macaranga echinocarpa Baker,,,,,,,"Humbert, H.",23513,1949-03-17,Madagascar,K004152243
Macaranga echinocarpa,K004152242,,,Euphorbiaceae,Macaranga,Macaranga echinocarpa Baker,,,,,,,"Humbert, H.; Saboureau, P.",31672,1959-11-09,Madagascar,K004152242
Macaranga echinocarpa,K004152225,,,Euphorbiaceae,Macaranga,Macaranga echinocarpa Baker,,,,,,,"Antilahimena, P.",2334,2003-11-20,Madagascar,K004152225
Macaranga echinocarpa,K000425843,,,Euphorbiaceae,Macaranga,Macaranga echinocarpa Baker,,Type,Macaranga echinocarpa,,,,"Baron, R.",1979,,Madagascar,K000425843; K000425843_a
Macaranga echinocarpa,K000425841,,,Euphorbiaceae,Macaranga,Macaranga echinocarpa Baker var. petiolata,,Type,,,,,"Humbert, H.",6627,1928-11-14,Madagascar,K000425841
Macaranga ferruginea,K004152244,,,Euphorbiaceae,Macaranga,Macaranga ferruginea Baker,,,,-20.392519,46.284369,,"Rakotoarisoa, S.E. : KMCC; Andriamahay, M. : SNGF",1217,2005-12-03,Madagascar,K004152244
Macaranga ferruginea,K004152245,,,Euphorbiaceae,Macaranga,Macaranga ferruginea Baker,,,,,,,"Decary, M.",8132,1930-09-23,Madagascar,K004152245
Macaranga ferruginea,K000425853,,,Euphorbiaceae,Macaranga,Macaranga ferruginea Baker,,Unknown,,,,,"Baron, R.",5711,,Madagascar,K000425853
Macaranga ferruginea,K000425840,,,Euphorbiaceae,Macaranga,Macaranga ferruginea Baker,,Unknown,,,,,"Baron, R.",4395,,Madagascar,K000425840
Macaranga ferruginea,K004152246,,,Euphorbiaceae,Macaranga,Macaranga ferruginea Baker,,,,,,,s.coll.,12015,,Madagascar,K004152246
Macaranga grallata,K004152250,,,Euphorbiaceae,Macaranga,Macaranga grallata McPherson,,,,-14.145833,49.969722,,"Martial; Rakotonirina, C.; Be, G.",630,2014-04-19,Madagascar,K004152250
Macaranga grallata,K004152260,,,Euphorbiaceae,Macaranga,Macaranga grallata McPherson,,,,-14.161389,48.946111,,"Ludovic, R.; Razafitzalama, L.J.; Velonjaka",264,2003-04-14,Madagascar,K004152260
Macaranga grallata,K001619016,,,Euphorbiaceae,Macaranga,Macaranga grallata McPherson,,,,-14.181111,48.963889,,"Rakotonasolo, F. & Rakotoarisoa A. Randriamandimby, P.G.; Ranaivomanana, T.;  Heickel, J. &  Rabearison nD.",RNF 3921,2022-10-30,Madagascar,
Macaranga grallata,K000751777,,,Euphorbiaceae,Macaranga,Macaranga grallata McPherson,,,,-14.433333,49.75,,"Rakotoarinivo, M.; Rakotonasolo, F.; Rajaonarison, R.; Vorontsova, M.",RMJ608,2011-10-17,Madagascar,K000751777
Macaranga grallata,K004152267,,,Euphorbiaceae,Macaranga,Macaranga grallata McPherson,,,,-14.45,49.783333,,"Miller, J.; Randrianasolo, A.",4394,1989-10-23,Madagascar,K004152267
Macaranga grallata,K004152252,,,Euphorbiaceae,Macaranga,Macaranga grallata McPherson,,,,-14.5,49.616667,,"Nicoll, M.",644,1987-05-14,Madagascar,K004152252
Macaranga grallata,K004152249,,,Euphorbiaceae,Macaranga,Macaranga grallata McPherson,,,,-14.5,49.616667,,"Nicoll, M.",645,1987-05-14,Madagascar,K004152249
Macaranga grallata,K004152251,,,Euphorbiaceae,Macaranga,Macaranga grallata McPherson,,,,-14.533333,49.7,,"Ravelonarivo, D.",247,1994-06-17,Madagascar,K004152251
Macaranga grallata,K004152263,,,Euphorbiaceae,Macaranga,Macaranga grallata McPherson,,,,-14.533333,49.433333,,"McPherson, G.",17184,1997-08-02,Madagascar,K004152263
Macaranga grallata,K004152261,,,Euphorbiaceae,Macaranga,Macaranga grallata McPherson,,,,-14.533333,49.7,,"Ravelonarivo, D.",247,1994-06-17,Madagascar,K004152261
Macaranga grallata,K004152248,,,Euphorbiaceae,Macaranga,Macaranga grallata McPherson,,,,-14.533333,49.7,,"Nicoll, M.",651,1987-05-15,Madagascar,K004152248
Macaranga grallata,K004152268,,,Euphorbiaceae,Macaranga,Macaranga grallata McPherson,,,,-14.602778,49.663889,,"Rasoavimbahoaka, F.",672,1995-05-02,Madagascar,K004152268
Macaranga grallata,K004152266,,,Euphorbiaceae,Macaranga,Macaranga grallata McPherson,,,,-14.775,49.5375,,"Ravelonarivo, D.; Rabesonina, R.",767,1995-05-04,Madagascar,K004152266
Macaranga grallata,K004152264,,,Euphorbiaceae,Macaranga,Macaranga grallata McPherson,,,,-14.775,49.5375,,"Ravelonarivo, D.; Rabesonina, R.",763,1995-05-04,Madagascar,K004152264
Macaranga grallata,K004152257,,,Euphorbiaceae,Macaranga,Macaranga grallata McPherson,,,,-15.228333,49.531111,,"Antilahimena, P.; Pascal; Ramaroson",1812,2003-01-27,Madagascar,K004152257
Macaranga grallata,K004152258,,,Euphorbiaceae,Macaranga,Macaranga grallata McPherson,,,,-15.283333,50,,"Antilahimena, P.",2033,2003-06-01,Madagascar,K004152258
Macaranga grallata,K004152256,,,Euphorbiaceae,Macaranga,Macaranga grallata McPherson,,,,-15.283333,50,,"Antilahimena, P.",2002,2003-06-01,Madagascar,K004152256
Macaranga grallata,K004152255,,,Euphorbiaceae,Macaranga,Macaranga grallata McPherson,,,,-15.425,49.847222,,"Antilahimena, P.; Aridy, J.; Raymond",1221,2002-07-20,Madagascar,K004152255
Macaranga grallata,K004152254,,,Euphorbiaceae,Macaranga,Macaranga grallata McPherson,,,,-15.480277,49.909167,,"Antilahimena, P.",1294,2002-09-02,Madagascar,K004152254
Macaranga grallata,K004152262,,,Euphorbiaceae,Macaranga,Macaranga grallata McPherson,,,,-16.825278,49.190555,,"Ralimanana, H.; Rakotonasolo, F.; Rakotoarinivo, M.; Britt, A.",408,2003-12-16,Madagascar,K004152262
Macaranga grallata,K004152259,,,Euphorbiaceae,Macaranga,Macaranga grallata McPherson,,,,-19.160278,48.578333,,"Rolland Ranaivojaona; Randrianasolo, A.; Razanatsima, A.; Velomahefa",951,2004-11-22,Madagascar,K004152259
Macaranga grallata,K004152247,,,Euphorbiaceae,Macaranga,Macaranga grallata McPherson,,,,-19.161666,48.578055,,"Randrianasolo, A.; Razanatsima, A.; Foara; Zafindrafeno, C.",1533,2013-11-24,Madagascar,K004152247
Macaranga grallata,K001932273,,,Euphorbiaceae,Macaranga,Macaranga grallata McPherson,,,,-19.162778,48.576944,,"Randrianasolo, A.; Razanatsima, A.; Rasoaviety, L.",1080,2006-11-29,Madagascar,
Macaranga grallata,K004152253,,,Euphorbiaceae,Macaranga,Macaranga grallata McPherson,,,,-22.222222,47.024722,,"Lewis, B.; Raharimalala, J.; Rahajasoa, G.; Randriambololona, M.",809,1993-11-15,Madagascar,K004152253
Macaranga grallata,K004152265,,,Euphorbiaceae,Macaranga,Macaranga grallata McPherson,,,,-22.227778,47.003611,,"Lewis, B.; Raharimalala, J.; Rahajasoa, G.; Randriambololona, M.",918,1993-11-22,Madagascar,K004152265
Macaranga grallata,K000751893,,,Euphorbiaceae,Macaranga,Macaranga grallata McPherson,,,,-23.815,47.998889,,"Rapanarivo, S.H.J.V.; Ralimanana, H.; Rakotonasolo, F.; Razafimandimby, J.J.",RS669,2012-06-02,Madagascar,K000751893; K000751893_a
Macaranga grallata,K000425839,,,Euphorbiaceae,Macaranga,Macaranga grallata McPherson,,Isotype,,-24.666667,46.8,,"Randriamampionona, B.",373,1993-05-04,Madagascar,K000425839
Macaranga humbertii,K004152273,,,Euphorbiaceae,Macaranga,Macaranga humberti Leandri,,,,,,,"Humbert, H.",11836,1933-11-01,Madagascar,K004152273
Macaranga macropoda,K004152293,,,Euphorbiaceae,Macaranga,Macaranga macropoda Baker,,,,-13.219,49.549333,,"Nusbaumer, L.; Ranirison, P.",LN1258,2004-11-21,Madagascar,K004152293
Macaranga macropoda,K004152338,,,Euphorbiaceae,Macaranga,Macaranga macropoda Baker,,,,-14.083333,48.333333,,"McPherson, G.; van der Werff, H.",16404,1994-10-18,Madagascar,K004152338
Macaranga macropoda,K004152289,,,Euphorbiaceae,Macaranga,Macaranga macropoda Baker,,,,-14.083333,48.383333,,"Malcomber, S.; Hutcheon, J.; Razafimanantsoa, A.; Zjhra, M.",1416,1992-04-11,Madagascar,K004152289
Macaranga macropoda,K004152290,,,Euphorbiaceae,Macaranga,Macaranga macropoda Baker,,,,-14.083333,48.366667,,"Malcomber, S.T.; Razafimanbison, S.",877,1991-09-25,Madagascar,K004152290
Macaranga macropoda,K004152295,,,Euphorbiaceae,Macaranga,Macaranga macropoda Baker,,,,-14.083611,48.388333,,"Andrianarisata, M.; Lewis, B.; Rakotomalaza, P.J.; Rahajasoa, G.",199,1994-02-14,Madagascar,K004152295
Macaranga macropoda,K004152299,,,Euphorbiaceae,Macaranga,Macaranga macropoda Baker,,,,-14.156944,48.952222,,"Birkinshaw, C.",957,2001-10-18,Madagascar,K004152299
Macaranga macropoda,K004152298,,,Euphorbiaceae,Macaranga,Macaranga macropoda Baker,,,,-14.156944,48.952222,,"Birkinshaw, C.",964,2001-10-18,Madagascar,K004152298
Macaranga macropoda,K004152320,,,Euphorbiaceae,Macaranga,Macaranga macropoda Baker,,,,-14.166944,49.953333,,"Razakamalala, R.; Birkinshaw, C.; Jérémie Razafitsalama, L.; Mbotizara; Augustin; Tombojoma",5443,2010-05-04,Madagascar,K004152320
Macaranga macropoda,K004152343,,,Euphorbiaceae,Macaranga,Macaranga macropoda Baker,,,,-14.179722,49.366945,,"Ravelonarivo, D.; Rakotovao, C.; Razakamalala, R.",2216,2007-02-23,Madagascar,K004152343
Macaranga macropoda,K004152286,,,Euphorbiaceae,Macaranga,Macaranga macropoda Baker,,,,-14.228055,49.137778,,"Andriamiarinoro, H.; Randrianarivony, T.",39,2005-11-25,Madagascar,K004152286
Macaranga macropoda,K004152281,,,Euphorbiaceae,Macaranga,Macaranga macropoda Baker,,,,-14.236667,49.384722,,"Rakotovao, C.; Ihasotra, J.; Rabevazaha, J.",2743,2006-02-27,Madagascar,K004152281
Macaranga macropoda,K004152283,,,Euphorbiaceae,Macaranga,Macaranga macropoda Baker,,,,-14.248888,49.438611,,"Antilahimena, P.; Tianina",4747,2006-03-11,Madagascar,K004152283
Macaranga macropoda,K004152335,,,Euphorbiaceae,Macaranga,Macaranga macropoda Baker,,,,-14.383889,49.362777,,"Rakotovao, C.; Ravelonarivo, D.; Rico; Landry; Razakamalala, R.",3034,,Madagascar,K004152335
Macaranga macropoda,K004152337,,,Euphorbiaceae,Macaranga,Macaranga macropoda Baker,,,,-14.383889,49.362777,,"Rakotovao, C.; Ravelonarivo, D.; Rico; Landry; Razakamalala, R.",3034,,Madagascar,K004152337
Macaranga macropoda,K004152301,,,Euphorbiaceae,Macaranga,Macaranga macropoda Baker,,,,-14.44,49.741667,,"Rakotomalaza, P.J.; Messmer, N.; Ravelonarivo, D.",885,1996-11-04,Madagascar,K004152301
Macaranga macropoda,K004152292,,,Euphorbiaceae,Macaranga,Macaranga macropoda Baker,,,,-14.45,49.783333,,"Miller, J.; Randrianasolo, A.",4486,1989-10-27,Madagascar,K004152292
Macaranga macropoda,K004152324,,,Euphorbiaceae,Macaranga,Macaranga macropoda Baker,,,,-14.533333,49.433333,,"McPherson, G.",17208,1997-08-03,Madagascar,K004152324
Macaranga macropoda,K004152296,,,Euphorbiaceae,Macaranga,Macaranga macropoda Baker,,,,-14.533333,49.433333,,"McPherson, G.",17186,1997-08-02,Madagascar,K004152296
Macaranga macropoda,K004152288,,,Euphorbiaceae,Macaranga,Macaranga macropoda Baker,,,,-14.655556,49.705556,,"Ravelonarivo, D.; Lowry, P.P.",860,1995-11-10,Madagascar,K004152288
Macaranga macropoda,K004152307,,,Euphorbiaceae,Macaranga,Macaranga macropoda Baker,,,,-14.658333,49.491667,,"Ravelonarivo, D.; Rabarisoamanana, M.",894,1995-11-16,Madagascar,K004152307
Macaranga macropoda,K004152308,,,Euphorbiaceae,Macaranga,Macaranga macropoda Baker,,,,-14.741667,49.441667,,"Lewis, B.; McDonagh, J.; Desire, R.",1301,1995-01-06,Madagascar,K004152308
Macaranga macropoda,K004152306,,,Euphorbiaceae,Macaranga,Macaranga macropoda Baker,,,,-14.745,49.432777,,"Lewis, B.; McDonagh, J.; Desire, R.",1362,1995-01-06,Madagascar,K004152306
Macaranga macropoda,K004152339,,,Euphorbiaceae,Macaranga,Macaranga macropoda Baker,,,,-14.745,49.461666,,"Ravelonarivo, D.; Rabesonina, R.",520,1994-11-03,Madagascar,K004152339
Macaranga macropoda,K004152318,,,Euphorbiaceae,Macaranga,Macaranga macropoda Baker,,,,-14.926667,49.429444,,"Bernard, R.; Ramiadana, J.; Jocelyn, J.",848,2008-02-23,Madagascar,K004152318
Macaranga macropoda,K004152280,,,Euphorbiaceae,Macaranga,Macaranga macropoda Baker,,,,-15.136111,49.352222,,"Ravelonarivo, D.; Gerard, M.; Rasoanaivo",2789,2008-02-11,Madagascar,K004152280
Macaranga macropoda,K004152319,,,Euphorbiaceae,Macaranga,Macaranga macropoda Baker,,,,-15.141111,49.351667,,"Bernard, R.; Ramiadana, J.; Jocelyn, J.",740,2008-02-11,Madagascar,K004152319
Macaranga macropoda,K004152322,,,Euphorbiaceae,Macaranga,Macaranga macropoda Baker,,,,-17.503889,48.731111,,"Ratovoson, F.; Randrianasolo, S.; Rakotozafy, I.; Rasolohery, A.; Rabezaka, R.",403,2001-01-28,Madagascar,K004152322
Macaranga macropoda,K004152342,,,Euphorbiaceae,Macaranga,Macaranga macropoda Baker,,,,-17.676111,48.758889,,"Randrianjanaka, L.M.; Razakanirina, A.; Ratovoson, F.; Rakotondrajaona, R.; Randrianasolo, A.; Rasolohery, A.; Randriambanona, H.; Mananjara, R.",736,2002-01-01,Madagascar,K004152342
Macaranga macropoda,K004152328,,,Euphorbiaceae,Macaranga,Macaranga macropoda Baker,,,,-17.733333,49,,"Malcomber, S.; Rasolondraibe, B.; Randrianjanak, L.; Abraham, J.",2522,1993-09-15,Madagascar,K004152328
Macaranga macropoda,K004152340,,,Euphorbiaceae,Macaranga,Macaranga macropoda Baker,,,,-18.366667,48,,"Schatz, G.E.; Stevens, W.D.; Lowry, P.P.",3495,1993-01-30,Madagascar,K004152340
Macaranga macropoda,K004152287,,,Euphorbiaceae,Macaranga,Macaranga macropoda Baker,,,,-18.366667,47.783333,,"Zarucchi, J.L.; Rakotobe, E.; Randrianasolo, A.; Razafimandrimbison, S.G.",7543,1991-06-02,Madagascar,K004152287
Macaranga macropoda,K004152341,,,Euphorbiaceae,Macaranga,Macaranga macropoda Baker,,,,-18.366667,48,,"Schatz, G.E.; Stevens, W.D.; Lowry, P.P.",3496,1993-01-30,Madagascar,K004152341
Macaranga macropoda,K000937427,,,Euphorbiaceae,Macaranga,Macaranga macropoda Baker,,,,-18.471111,47.834167,,"Rabarivola, M.L.; Rakotonasolo, F.; Rakotoarisoa, S.E.; Onjalalaina, G.E.; Rajonarison, R.; Ramarosoa, J.; Rakotoarimanana, V.",RML729,2017-09-06,Madagascar,K000937427
Macaranga macropoda,K004152344,,,Euphorbiaceae,Macaranga,Macaranga macropoda Baker,,,,-18.819445,48.335556,,"Razafindraibe, H.; Antilahimena, P.",39,2005-02-02,Madagascar,K004152344
Macaranga macropoda,K004152300,,,Euphorbiaceae,Macaranga,Macaranga macropoda Baker,,,,-18.856667,48.294722,,"Rakotomalaza, P.J.; et al.",1256,1997-03-06,Madagascar,K004152300
Macaranga macropoda,K004152321,,,Euphorbiaceae,Macaranga,Macaranga macropoda Baker,,,,-18.864444,48.320278,,"Andriantiana; Rakotovao, C.; Razafindasy, R.",2,2005-03-08,Madagascar,K004152321
Macaranga macropoda,K004152294,,,Euphorbiaceae,Macaranga,Macaranga macropoda Baker,,,,-18.868333,48.306389,,"Andriatsiferana, F.; et al.",2158,1997-02-15,Madagascar,K004152294
Macaranga macropoda,K004152279,,,Euphorbiaceae,Macaranga,Macaranga macropoda Baker,,,,-18.883334,48.45,,"Nicoll, M.",173,1986-11-24,Madagascar,K004152279
Macaranga macropoda,K004152302,,,Euphorbiaceae,Macaranga,Macaranga macropoda Baker,,,,-18.916667,48.416667,,"McPherson, G.; van der Werff, H.",16526,1994-11-07,Madagascar,K004152302
Macaranga macropoda,K004152304,,,Euphorbiaceae,Macaranga,Macaranga macropoda Baker,,,,-18.916667,48.416667,,"McPherson, G.; van der Werff, H.",16547,1994-11-08,Madagascar,K004152304
Macaranga macropoda,K004152305,,,Euphorbiaceae,Macaranga,Macaranga macropoda Baker,,,,-18.933334,48.416667,,"Miller, J.S.; Bradford, J.; Rakotonasolo, F.; Randrianasolo, A.",8765,1996-10-21,Madagascar,K004152305
Macaranga macropoda,K000952450,,,Euphorbiaceae,Macaranga,Macaranga macropoda Baker,,,,-19.054167,48.359722,,"Andrianaivoravelona, B.; Ratovonirina, G.; Byng, J.",ANB487,2011-11-28,Madagascar,K000952450
Macaranga macropoda,K004152297,,,Euphorbiaceae,Macaranga,Macaranga macropoda Baker,,,,-19.1,48.7,,"van der Werff, H.; Malcomber, S.; Gray, B.; Rapanarivo, S.",12639,1992-10-10,Madagascar,K004152297
Macaranga macropoda,K001604240,,,Euphorbiaceae,Macaranga,Macaranga macropoda Baker,,,,-19.135833,48.5625,,"Razanatsima, A.; Foara",1557,2016-10-29,Madagascar,K001604240
Macaranga macropoda,K001036930,,,Euphorbiaceae,Macaranga,Macaranga macropoda Baker,,,,-20.498333,46.381944,,"Onjalalaina, G.E.; Rabarijaona, R.N.; Ramahovelo; Tsisahira, M.",OLG655,2015-01-25,Madagascar,K001036930
Macaranga macropoda,K001304379,,,Euphorbiaceae,Macaranga,Macaranga macropoda Baker,,,,-20.536111,46.39,,"Rakotonasolo, F.; Randrianasolo, V.; Rajaovelona, L.",MDG113_5 48,2018-08-31,Madagascar,K001304379
Macaranga macropoda,K004152336,,,Euphorbiaceae,Macaranga,Macaranga macropoda Baker,,,,-21.268056,47.480833,,s.coll.,8141,1998-11-15,Madagascar,K004152336
Macaranga macropoda,K004152323,,,Euphorbiaceae,Macaranga,Macaranga macropoda Baker,,,,-21.29,47.4275,,"Razakamalala, R.; Andriamahefarivo, L.; Kotozafy, A.",250,2002-08-01,Madagascar,K004152323
Macaranga macropoda,K004152285,,,Euphorbiaceae,Macaranga,Macaranga macropoda Baker,,,,-22.222778,46.971667,,"Lewis, B.; Raharilala, J.; Rakotomalala, P.J.; Andrianarisata, M.",1017,1993-12-01,Madagascar,K004152285
Macaranga macropoda,K004152291,,,Euphorbiaceae,Macaranga,Macaranga macropoda Baker,,,,-22.421667,46.898333,,"Rakotovao, C.; Rakotomalaza, P.J.; Messmer, N.",920,1997-11-04,Madagascar,K004152291
Macaranga macropoda,K004152326,,,Euphorbiaceae,Macaranga,Macaranga macropoda Baker,,,,-22.496666,46.955,,"Rakotovao, C.; Rakotomalaza, P.J.; Messmer, N.",884,1997-10-24,Madagascar,K004152326
Macaranga macropoda,K004152327,,,Euphorbiaceae,Macaranga,Macaranga macropoda Baker,,,,-22.496666,46.955,,"Rakotomalaza, P.J.; Messmer, N.; Rakotovao, C.",1465,1997-10-25,Madagascar,K004152327
Macaranga macropoda,K004152284,,,Euphorbiaceae,Macaranga,Macaranga macropoda Baker,,,,-22.496667,46.955,,"Messmer, N.; Rakotomalaza, P.J.; Rakotovao, C.",NM508,1997-10-26,Madagascar,K004152284
Macaranga macropoda,K004152325,,,Euphorbiaceae,Macaranga,Macaranga macropoda Baker,,,,-24.583333,46.733333,,"Rakotomalaza, P.J.",507,1995-11-15,Madagascar,K004152325
Macaranga macropoda,K004152275,,,Euphorbiaceae,Macaranga,Macaranga macropoda Baker,,,,,,,s.coll.,3100,,Madagascar,K004152275
Macaranga macropoda,K004152282,,,Euphorbiaceae,Macaranga,Macaranga macropoda Baker,,,,,,,"Humbert, H.; Capuron, R.",24997,1951-01-19,Madagascar,K004152282
Macaranga macropoda,K004152303,,,Euphorbiaceae,Macaranga,Macaranga macropoda Baker,,,,,,,"Capuron, R.; Leandri, J.",1636,1952-11-03,Madagascar,K004152303
Macaranga macropoda,K004152277,,,Euphorbiaceae,Macaranga,Macaranga macropoda Baker,,,,,,,"Baron, R. (Rev.)",3662,,Madagascar,K004152277
Macaranga macropoda,K000425850,,,Euphorbiaceae,Macaranga,Macaranga macropoda Baker,,Type,,,,,"Baron, R.",1696,,Madagascar,K000425850
Macaranga macropoda,K004152274,,,Euphorbiaceae,Macaranga,Macaranga macropoda Baker,,,,,,,"Baron, R. (Rev.)",3412,,Madagascar,K004152274
Macaranga macropoda,K004152276,,,Euphorbiaceae,Macaranga,Macaranga macropoda Baker,,,,,,,s.coll.,3050,,Madagascar,K004152276
Macaranga macropoda,K004152317,,,Euphorbiaceae,Macaranga,Macaranga macropoda Baker,,,,,,,s.coll.,21897-SF,1964-10-29,Madagascar,K004152317
Macaranga macropoda,K004152278,,,Euphorbiaceae,Macaranga,Macaranga macropoda Baker,,,,,,,"Decary, M.",4765,,Madagascar,K004152278
Macaranga mauritiana,K004151990,,,Euphorbiaceae,Macaranga,Macaranga mauritiana Bojer ex Baill.,,,,,,,"Lorence, D.",2348,1979-01-29,Mauritius,K004151990
Macaranga mauritiana,K004151992,,,Euphorbiaceae,Macaranga,Macaranga mauritiana Bojer ex Baill.,,,,,,,"Coode, M.J.E.; et al.",4817,1975-02-12,Mauritius,K004151992
Macaranga mauritiana,K000648426,,,Euphorbiaceae,Macaranga,Macaranga mauritiana Bojer ex Baill.,,,,,,,"Lorence, D.",2349,1979-01-29,Mauritius,K000648426
Macaranga mauritiana,K004151994,,,Euphorbiaceae,Macaranga,Macaranga mauritiana Bojer ex Baill.,,,,,,,"Lorence, D.",DL1230,1975-05-11,Mauritius,K004151994
Macaranga mauritiana,K004151993,,,Euphorbiaceae,Macaranga,Macaranga mauritiana Bojer ex Baill.,,,,,,,s.coll.,s.n.,1813-01-01,Mauritius,K004151993
Macaranga mauritiana,K004151995,,,Euphorbiaceae,Macaranga,Macaranga mauritiana Bojer ex Baill.,,,,,,,"Lorence, D.",DL1230,1975-05-11,Mauritius,K004151995
Macaranga mauritiana,K004151989,,,Euphorbiaceae,Macaranga,Macaranga mauritiana Bojer ex Baill.,,,,,,,"[R. E. Vaugham]; Coode, M.J.E.",92,1975-06-23,Mauritius,K004151989
Macaranga mauritiana,K004151991,,,Euphorbiaceae,Macaranga,Macaranga mauritiana Bojer ex Baill.,,,,,,,[J. Goey],s.n.,1858-01-01,Mauritius,K004151991
Macaranga mauritiana,K004151988,,,Euphorbiaceae,Macaranga,Macaranga mauritiana Bojer ex Baill.,,,,,,,s.coll.,s.n.,1814-01-01,Mauritius,K004151988
Macaranga mauritiana,K004151987,,,Euphorbiaceae,Macaranga,Macaranga mauritiana Bojer ex Baill.,,,,,,,"Ayres, P.B.",s.n.,,Mauritius,K004151987
Macaranga myriolepida,K004152313,,,Euphorbiaceae,Macaranga,Macaranga myriolepida Baker,,,,-13.738056,49.395833,,"Razakamalala, R.; Randriambololomamonjy, O.; Jaoindy",3417,2007-10-26,Madagascar,K004152313
Macaranga myriolepida,K004152311,,,Euphorbiaceae,Macaranga,Macaranga myriolepida Baker,,,,-14.230555,49.139167,,"Andriamiarinoro, H.; Randrianarivony, T.",36,2005-11-21,Madagascar,K004152311
Macaranga myriolepida,K004152312,,,Euphorbiaceae,Macaranga,Macaranga myriolepida Baker,,,,-18.853333,48.319444,,"Razanatsoa, H.; Razafindasy, R.",437,2005-10-01,Madagascar,K004152312
Macaranga myriolepida,K000952273,,,Euphorbiaceae,Macaranga,Macaranga myriolepida Baker,,,,-19.625,47.691667,,"Andrianaivoravelona, B.; Rajaovelona, L.; Andrianandrasana, J.P.; Rafanomezantsoa, J.H.; Rajaonarison",ANB174,2009-12-19,Madagascar,K000952273
Macaranga myriolepida,K000952304,,,Euphorbiaceae,Macaranga,Macaranga myriolepida Baker,,,,-19.641944,47.728056,,"Andrianaivoravelona, B.; Rajaovelona, L.; Andrianandrasana, J.-P.; Rafanomezantsoa, J.-H.; Rajaonarison",ANB 206,2009-12-21,Madagascar,K000952304
Macaranga myriolepida,K004152310,,,Euphorbiaceae,Macaranga,Macaranga myriolepida Baker,,,,-21.503056,47.422222,,"Randrianaivo, R.; Ralimanana, H.; Rabenantoandro, J.; Rakotondrajaona, R.; Randrianasolo, S.; Ratodimanana, A.",300,1998-12-15,Madagascar,K004152310
Macaranga myriolepida,K000425851,,,Euphorbiaceae,Macaranga,Macaranga myriolepida Baker,,Unknown,,,,,"Baron, R.",3133,,Madagascar,K000425851
Macaranga myriolepida,K000425852,,,Euphorbiaceae,Macaranga,Macaranga myriolepida Baker,,Unknown,,,,,"Baron, R.",5278,,Madagascar,K000425852
Macaranga oblongifolia,K004152081,,,Euphorbiaceae,Macaranga,Macaranga oblongifolia Baill.,,,,-15.6925,50.225,,"Bernard, R.",339,1996-09-15,Madagascar,K004152081
Macaranga oblongifolia,K004152332,,,Euphorbiaceae,Macaranga,Macaranga oblongifolia Baill.,,,,-16.770556,49.710555,,"Razakamalala, R.; Rabehevitra, D.; Andrianarivelo, S.N.; Fotsy, M.",757,2003-10-04,Madagascar,K004152332
Macaranga oblongifolia,K001872320,,,Euphorbiaceae,Macaranga,Macaranga oblongifolia Baill.,,,,-16.832222,49.186667,,"Ralimanana, H.; Rakotonasolo, F.; Beentje, H.; Dolin; Arthur; Dosilahy; Naconte, C.; Tsiafindra",397,2003-12-15,Madagascar,K001872320
Macaranga oblongifolia,K004152085,,,Euphorbiaceae,Macaranga,Macaranga oblongifolia Baill.,,,,-18.560833,49.2425,,"Randrianasolo, A.; Ludovic, R.; Birkinshaw, C.; Ranaivojaona, R.",744,2002-10-28,Madagascar,K004152085
Macaranga oblongifolia,K004152331,,,Euphorbiaceae,Macaranga,Macaranga oblongifolia Baill.,,,,-19.161666,48.578055,,"Randrianasolo, A.; Razanatsima, A.; Foara; Zafindrafeno, C.; Mamy, F.",1526,2013-11-24,Madagascar,K004152331
Macaranga oblongifolia,K001932275,,,Euphorbiaceae,Macaranga,Macaranga oblongifolia Baill.,,,,-19.162778,48.576944,,"Randrianasolo, A.; Razanatsima, A.; Rasoaviety, L.",1077,2006-11-29,Madagascar,
Macaranga oblongifolia,K001304380,,,Euphorbiaceae,Macaranga,Macaranga oblongifolia Baill.,,,,-20.5525,46.427222,,"Rakotonasolo, F.; Randrianasolo, V.; Rajaovelona, L.",MDG113_5 83,2018-09-02,Madagascar,K001304380
Macaranga oblongifolia,K004152079,,,Euphorbiaceae,Macaranga,Macaranga oblongifolia Baill.,,,,-21.474722,48.280833,,"Rolland Ranaivojaona; Razakamalala, R.; Berlin",943,2004-10-03,Madagascar,K004152079
Macaranga oblongifolia,K004152330,,,Euphorbiaceae,Macaranga,Macaranga oblongifolia Baill.,,,,-23.039167,47.769722,,"Razakamalala, R.; Rakotonirina, N.; Mbita, J.; Sabotsy; Momana; Rabotaharifomba, M.F.",2251,2005-09-23,Madagascar,K004152330
Macaranga oblongifolia,K004152333,,,Euphorbiaceae,Macaranga,Macaranga oblongifolia Baill.,,,,-23.170278,47.724167,,"Rabehevitra, D.; Razakamalala, R.; Dely, I.",498,2003-08-26,Madagascar,K004152333
Macaranga oblongifolia,K004152316,,,Euphorbiaceae,Macaranga,Macaranga oblongifolia Baill.,,,,-23.176666,47.707222,,"Rabevohitra, R.; Rabenantoandro, J.; Razakamalala, R.",4081,2002-09-24,Madagascar,K004152316
Macaranga oblongifolia,K004152315,,,Euphorbiaceae,Macaranga,Macaranga oblongifolia Baill.,,,,-23.180833,47.708055,,"McPherson, G.; Rabenantoandro, J.",18350,2001-11-05,Madagascar,K004152315
Macaranga oblongifolia,K004152083,,,Euphorbiaceae,Macaranga,Macaranga oblongifolia Baill.,,,,-23.182777,47.7075,,"Razafitsalama, L.J.",962,2006-08-13,Madagascar,K004152083
Macaranga oblongifolia,K001036418,,,Euphorbiaceae,Macaranga,Macaranga oblongifolia Baill.,,,,-23.778056,47.025,,"Rakotonasolo, F.",RNF 2516,2014-11-26,Madagascar,K001036418
Macaranga oblongifolia,K004152329,,,Euphorbiaceae,Macaranga,Macaranga oblongifolia Baill.,,,,-24.783333,47.166667,,"McPherson, G.; Dumetz, N.; Rabevohitra, R.",14159,1989-10-19,Madagascar,K004152329
Macaranga oblongifolia,K004152078,,,Euphorbiaceae,Macaranga,Macaranga oblongifolia Baill.,,,,-24.783333,47.166667,,"Schatz, G.E.; Dumetz, N.; Faber-Langendoen, D.; Randrianasolo, A.",3005,1990-11-13,Madagascar,K004152078
Macaranga oblongifolia,K004152077,,,Euphorbiaceae,Macaranga,Macaranga oblongifolia Baill.,,,,-24.814444,47.152222,,"Ratovoson, F.",2007,2012-10-23,Madagascar,K004152077
Macaranga oblongifolia,K004152087,,,Euphorbiaceae,Macaranga,Macaranga oblongifolia Baill.,,,,-24.95,47.033333,,"Rabevohitra, R.",2134,1990-01-13,Madagascar,K004152087
Macaranga oblongifolia,K004152314,,,Euphorbiaceae,Macaranga,Macaranga oblongifolia Baill.,,,,-24.958611,47.000556,,"Rabenantoandro, J.; Rabevohitra, R.; Randrihasipara, L.; Ramisy, E.",335,2000-10-06,Madagascar,K004152314
Macaranga oblongifolia,K004152082,,,Euphorbiaceae,Macaranga,Macaranga oblongifolia Baill.,,,,,,,"Decary, M.",4881,,Madagascar,K004152082
Macaranga oblongifolia,K004152080,,,Euphorbiaceae,Macaranga,Macaranga oblongifolia Baill.,,,,,,,s.coll.,71,,Madagascar,K004152080
Macaranga oblongifolia,K004152086,,,Euphorbiaceae,Macaranga,Macaranga oblongifolia Baill.,,,,,,,"Decary, M.R.",10901,,Madagascar,K004152086
Macaranga oblongifolia,K004152084,,,Euphorbiaceae,Macaranga,Macaranga oblongifolia Baill.,,,,,,,"Capuron, R.",18079SF,1957-08-12,Madagascar,K004152084
Macaranga obovata,K004152056,,,Euphorbiaceae,Macaranga,Macaranga obovata Boivin ex Baill.,,,,-13.718889,50.097222,,"Razakamalala, R.; Rabevohitra, R.; Faralahy, J.",1036,2004-03-13,Madagascar,K004152056
Macaranga obovata,K006871359,,,Euphorbiaceae,Macaranga,Macaranga obovata Boivin ex Baill.,,,,-13.953333,50.001667,,"Andriambololonera, S.; Bernard, R.; Randrimanarivo, M.; Ravololomanana, N.; Randrianaivo, R.",711,2022-10-25,Madagascar,
Macaranga obovata,K006871361,,,Euphorbiaceae,Macaranga,Macaranga obovata Boivin ex Baill.,,,,-13.953333,50.008333,,"Ravololomanana, N.; Rabarimanarivo, M.; Randrianaivo, R.; Bernard, R.",736,2022-10-27,Madagascar,
Macaranga obovata,K001611486,,,Euphorbiaceae,Macaranga,Macaranga obovata Boivin ex Baill.,,,,-14.1,50.033333,,"Martial; Rakotonirina, C.Z.; Be, G.",271,2013-11-18,Madagascar,K001611486
Macaranga obovata,K006960179,,,Euphorbiaceae,Macaranga,Macaranga obovata Boivin ex Baill.,,,,-14.101111,50.016388,,"Martial; Bosiny,J.",749,2019-07-10,Madagascar,
Macaranga obovata,K004152053,,,Euphorbiaceae,Macaranga,Macaranga obovata Boivin ex Baill.,,,,-14.148611,49.969722,,"Martial; Be, G.; Rakotonirina, C.",100,2013-03-23,Madagascar,K004152053
Macaranga obovata,K004152072,,,Euphorbiaceae,Macaranga,Macaranga obovata Boivin ex Baill.,,,,-14.181389,50.084722,,"Rabenantoandro, J.; Ranaivojaona, R.; Jaoby, F.; Malandy, F.",471,2001-03-25,Madagascar,K004152072
Macaranga obovata,K006960178,,,Euphorbiaceae,Macaranga,Macaranga obovata Boivin ex Baill.,,,,-14.186111,50.080555,,"Rakotonirina,C.Z.; Ravelonarivo,D.; Randriamahazoman,D.G.; Belalahy,Z.",920,2022-02-14,Madagascar,
Macaranga obovata,K004152048,,,Euphorbiaceae,Macaranga,Macaranga obovata Boivin ex Baill.,,,,-15.633333,49.983334,,"Schatz, G.E.; van der Werff, H.; Gray, B.; Razafimandimbison, S.G.",3344,1992-10-27,Madagascar,K004152048; K004152048_a
Macaranga obovata,K004152050,,,Euphorbiaceae,Macaranga,Macaranga obovata Boivin ex Baill.,,,,-15.716667,49.95,,"Poncy, O.; Rapanarivo, S.; Donnet, J.",1538,2001-10-31,Madagascar,K004152050
Macaranga obovata,K000664563,,,Euphorbiaceae,Macaranga,Macaranga obovata Boivin ex Baill.,,,,-15.776389,50.014444,,"Andrianaivoravelona, B.; Ralimanana, H.; Fulgence; Regis",ANB98,2009-09-04,Madagascar,K000664563
Macaranga obovata,K004152054,,,Euphorbiaceae,Macaranga,Macaranga obovata Boivin ex Baill.,,,,-15.95,50.216667,,"Rahajasoa, G.; Bernard, R.; Rabe, J.",896,1994-11-14,Madagascar,K004152054
Macaranga obovata,K004152059,,,Euphorbiaceae,Macaranga,Macaranga obovata Boivin ex Baill.,,,,-16.783611,49.739722,,"Rabehevitra, D.; Razakamalala, R.; Andrianarivelo, S.",590,2003-10-04,Madagascar,K004152059
Macaranga obovata,K004152055,,,Euphorbiaceae,Macaranga,Macaranga obovata Boivin ex Baill.,,,,-16.786667,49.74,,"Nikolov, L.",1788,2008-11-01,Madagascar,K004152055
Macaranga obovata,K006960180,,,Euphorbiaceae,Macaranga,Macaranga obovata Boivin ex Baill.,,,,-16.795833,49.679444,,"Lehavana,A.",1210,2019-10-18,Madagascar,
Macaranga obovata,K004152065,,,Euphorbiaceae,Macaranga,Macaranga obovata Boivin ex Baill.,,,,-17.284722,49.387778,,"Razafitsalama, L.J.",105,2001-01-13,Madagascar,K004152065
Macaranga obovata,K004152051,,,Euphorbiaceae,Macaranga,Macaranga obovata Boivin ex Baill.,,,,-17.638333,49.484445,,"Miller, J.; Bradford, J.; Rakotonasolo, F.; Randrianasolo, A.",8815,1996-10-26,Madagascar,K004152051
Macaranga obovata,K004152060,,,Euphorbiaceae,Macaranga,Macaranga obovata Boivin ex Baill.,,,,-18.8,49.15,,"Miller, J.",3690,1988-11-24,Madagascar,K004152060
Macaranga obovata,K004152042,,,Euphorbiaceae,Macaranga,Macaranga obovata Boivin ex Baill.,,,,-18.85,49.133333,,"Schatz, G.E.; D'Arcy, W.",1464,1987-08-29,Madagascar,K004152042
Macaranga obovata,K004152069,,,Euphorbiaceae,Macaranga,Macaranga obovata Boivin ex Baill.,,,,-19.1575,48.589722,,"Randrianasolo, A.; Razanatsima, A.; Ranaivojaona, R.",1051,2005-10-10,Madagascar,K004152069
Macaranga obovata,K004152049,,,Euphorbiaceae,Macaranga,Macaranga obovata Boivin ex Baill.,,,,-19.68,47.77,,"Messmer, N.; Andriatsiferana, F.",NM637,1999-01-08,Madagascar,K004152049
Macaranga obovata,K004152057,,,Euphorbiaceae,Macaranga,Macaranga obovata Boivin ex Baill.,,,,-20.358333,48.613889,,"Rolland Ranaivojaona; Razakamalala, R.",873,2004-09-30,Madagascar,K004152057
Macaranga obovata,K004152074,,,Euphorbiaceae,Macaranga,Macaranga obovata Boivin ex Baill.,,,,-22.802639,47.18375,,"Ranarivelo, T.; Ranaivojaona, R.; Rakotoarinivo, M.; Rajaonarison, R.",RTI389,2006-10-25,Madagascar,K004152074
Macaranga obovata,K004152052,,,Euphorbiaceae,Macaranga,Macaranga obovata Boivin ex Baill.,,,,-22.816667,47.283333,,"Ranarivelo, H.",RHS611,2005-10-01,Madagascar,K004152052
Macaranga obovata,K004152073,,,Euphorbiaceae,Macaranga,Macaranga obovata Boivin ex Baill.,,,,-23.09,47.755,,"Hoffmann, P.; Ranaivojaona, R.; Ralimanana, H.; Richard, J.",307,2000-10-25,Madagascar,K004152073; K004152073_a
Macaranga obovata,K004152058,,,Euphorbiaceae,Macaranga,Macaranga obovata Boivin ex Baill.,,,,-23.1775,47.706667,,"Razakamalala, R.; Reza, L.",330,2002-11-11,Madagascar,K004152058
Macaranga obovata,K001769349,,,Euphorbiaceae,Macaranga,Macaranga obovata Boivin ex Baill.,,,,-23.521111,47.498611,,"Ratovoson, F.; Razafindrahaja, V.",2302,2016-10-09,Madagascar,K001769349
Macaranga obovata,K004152064,,,Euphorbiaceae,Macaranga,Macaranga obovata Boivin ex Baill.,,,,-24.569444,47.210278,,"Antilahimena, P.; et al.",4856,2006-05-24,Madagascar,K004152064
Macaranga obovata,K004152070,,,Euphorbiaceae,Macaranga,Macaranga obovata Boivin ex Baill.,,,,-24.783333,47.166667,,"Schatz, G.E.; Dumetz, N.; Faber-Langendoen, D.; Randrianasolo, A.",3003,1990-11-13,Madagascar,K004152070
Macaranga obovata,K004152071,,,Euphorbiaceae,Macaranga,Macaranga obovata Boivin ex Baill.,,,,-24.968056,46.9675,,"Rabevohitra, R.; Ramisy, E.; Randriahasipara, L.; Rabenantoandro, J.",3710,2000-10-01,Madagascar,K004152071; K004152071_a
Macaranga obovata,K004152067,,,Euphorbiaceae,Macaranga,Macaranga obovata Boivin ex Baill.,,,,,,,"Randrianjanaka, L.M.; Ratovoson, F.; Rakotonandrasana, S.; Andrianjafy, N.M.",662,2001-11-26,Madagascar,K004152067
Macaranga obovata,K004152047,,,Euphorbiaceae,Macaranga,Macaranga obovata Boivin ex Baill.,,,,,,,Meller (Dr),s.n.,1962-08-26,Madagascar,K004152047
Macaranga obovata,K004152041,,,Euphorbiaceae,Macaranga,Macaranga obovata Boivin ex Baill.,,,,,,,s.coll.,2498,,Madagascar,
Macaranga obovata,K004152068,,,Euphorbiaceae,Macaranga,Macaranga obovata Boivin ex Baill.,,,,,,,"Cours, M.G.",2902,1946-10-09,Madagascar,K004152068
Macaranga obovata,K004152046,,,Euphorbiaceae,Macaranga,Macaranga obovata Boivin ex Baill.,,,,,,,"Decary, M.",5676,,Madagascar,K004152046
Macaranga obovata,K004152063,,,Euphorbiaceae,Macaranga,Macaranga obovata Boivin ex Baill.,,,,,,,"Bosser, J.",17039,1962-12-01,Madagascar,K004152063
Macaranga obovata,K004152044,,,Euphorbiaceae,Macaranga,Macaranga obovata Boivin ex Baill.,,,,,,,"Humblot, M.",226,,Madagascar,K004152044
Macaranga obovata,K004152043,,,Euphorbiaceae,Macaranga,Macaranga obovata Boivin ex Baill.,,,,,,,"Dorr, L.J.; Barnett, L.C.; Leeuwenberg, A.J.M.; Ralimanana, N.",4405,1985-11-30,Madagascar,K004152043
Macaranga obovata,K004152076,,,Euphorbiaceae,Macaranga,Macaranga obovata Boivin ex Baill.,,,,,,,"Barnett, L.; Dorr, L.J.",225,1984-12-09,Madagascar,K004152076
Macaranga obovata,K004152062,,,Euphorbiaceae,Macaranga,Macaranga obovata Boivin ex Baill.,,,,,,,"Morat, P.; Randrianjafy, J.N.; Razanajoelina, L.; Nirina, C.",8534,1989-12-01,Madagascar,K004152062
Macaranga obovata,K004152039,,,Euphorbiaceae,Macaranga,Macaranga obovata Boivin ex Baill.,,,,,,,Lyall (Dr),214,,Madagascar,K004152039
Macaranga obovata,K004152075,,,Euphorbiaceae,Macaranga,Macaranga obovata Boivin ex Baill.,,,,,,,"Decary, M.",5426,,Madagascar,K004152075
Macaranga obovata,K004152061,,,Euphorbiaceae,Macaranga,Macaranga obovata Boivin ex Baill.,,,,,,,[Philippe Beaujard],472,1994-01-01,Madagascar,K004152061
Macaranga obovata,K004152066,,,Euphorbiaceae,Macaranga,Macaranga obovata Boivin ex Baill.,,,,,,,s.coll.,19179SF,,Madagascar,K004152066
Macaranga obovata,K000425846,,,Euphorbiaceae,Macaranga,Macaranga obovata Boivin ex Baill.,,Unknown,,,,,Forbes,s.n.,,Madagascar,K000425846
Macaranga obovata,K004152045,,,Euphorbiaceae,Macaranga,Macaranga obovata Boivin ex Baill.,,,,,,,s.coll.,1431,,Madagascar,K004152045
Macaranga obovata,K004152040,,,Euphorbiaceae,Macaranga,Macaranga obovata Boivin ex Baill.,,,,,,,"Gerrard, W.T.",36,,Madagascar,K004152040
Macaranga ribesioides,K004152361,,,Euphorbiaceae,Macaranga,Macaranga ribesioides Baker,,,,-12.516667,49.166667,,"Phillipson, P.",,1987-06-28,Madagascar,K004152361
Macaranga ribesioides,K004152364,,,Euphorbiaceae,Macaranga,Macaranga ribesioides Baker,,,,-18.366667,48,,"Lowry II, P.P.; Randrianasolo, J.",,1988-03-31,Madagascar,K004152364
Macaranga ribesioides,K004152365,,,Euphorbiaceae,Macaranga,Macaranga ribesioides Baker,,,,-18.366667,47.783333,,"Zarucchi, J.L.; Rakotobe, E.; Randrianasolo, A.; Georges, S.; Razafimandrimbison; Pool, A.",,1991-06-02,Madagascar,K004152365
Macaranga ribesioides,K004152362,,,Euphorbiaceae,Macaranga,Macaranga ribesioides Baker,,,,-21.25,47.4,,"Phillipson, P.",,1987-07-29,Madagascar,K004152362
Macaranga ribesioides,K004152363,,,Euphorbiaceae,Macaranga,Macaranga ribesioides Baker,,,,,,,"Forsyth Major, C.",,1894-11-01,Madagascar,K004152363
Macaranga ribesioides,K000425854,,,Euphorbiaceae,Macaranga,Macaranga ribesioides Baker,,Unknown,,,,,"Baron, R.",2898,,Madagascar,K000425854
Macaranga sphaerophylla,K004152352,,,Euphorbiaceae,Macaranga,Macaranga sphaerophylla Baker,,,,-13.210555,49.558055,,"Rakotondrafara, A.; Razafitsalama, L.J.; J. Be; Tombondrainy; Joromeva",,2005-10-29,Madagascar,K004152352
Macaranga sphaerophylla,K004152353,,,Euphorbiaceae,Macaranga,Macaranga sphaerophylla Baker,,,,-13.219444,49.551111,,"Rakotondrafara, A.; Razafitsalama, L.J.; J. Be; Tombondrainy; Joromeva",,2005-11-01,Madagascar,K004152353
Macaranga sphaerophylla,K000663360,,,Euphorbiaceae,Macaranga,Macaranga sphaerophylla Baker,,,,-18.083333,48.572778,,"Ralimanana, H.; Rakotoarinivo, M.; Andrianaivoravelona, B.; Rajaonarison, R.; Rakotoroalahy; Ramaherimanana, C.",,2010-01-14,Madagascar,K000663360
Macaranga sphaerophylla,K004152360,,,Euphorbiaceae,Macaranga,Macaranga sphaerophylla Baker,,,,-18.916667,47.933334,,"Dorr, L.J.; Barnett, L.C.",,1984-12-02,Madagascar,K004152360
Macaranga sphaerophylla,K004152347,,,Euphorbiaceae,Macaranga,Macaranga sphaerophylla Baker,,,,-18.933334,48.233333,,"Miller, J.S.; Randrianasolo, A.",4706,1989-12-15,Madagascar,K004152347
Macaranga sphaerophylla,K004152346,,,Euphorbiaceae,Macaranga,Macaranga sphaerophylla Baker,,,,-18.95,47.95,,"Miller, J.S.; Randrianasolo, A.",4710,1989-12-15,Madagascar,K004152346
Macaranga sphaerophylla,K004152348,,,Euphorbiaceae,Macaranga,Macaranga sphaerophylla Baker,,,,-21.233333,47.383333,,"Kotozafy, A.",405,1993-11-07,Madagascar,K004152348
Macaranga sphaerophylla,K004152356,,,Euphorbiaceae,Macaranga,Macaranga sphaerophylla Baker,,,,-21.233333,47.383333,,"Kotozafy, A.",,1993-11-07,Madagascar,K004152356
Macaranga sphaerophylla,K004152357,,,Euphorbiaceae,Macaranga,Macaranga sphaerophylla Baker,,,,-21.25,47.45,,"Malcomber, S.T.; Leeuwenberg, A.; Rakotomazaza, C.; Ranarljadna, H.; Rahajasoa, G.",,1991-11-08,Madagascar,K004152357
Macaranga sphaerophylla,K000609814,,,Euphorbiaceae,Macaranga,Macaranga sphaerophylla Baker,,,,-21.26,47.42,,s.coll.,,1998-11-01,Madagascar,K000609814
Macaranga sphaerophylla,K004152345,,,Euphorbiaceae,Macaranga,Macaranga sphaerophylla Baker,,,,-21.266667,47.416667,,"Schatz, G.E.; Klackenberg, J.; Baum, D.",1704,1987-10-28,Madagascar,K004152345
Macaranga sphaerophylla,K004152355,,,Euphorbiaceae,Macaranga,Macaranga sphaerophylla Baker,,,,-21.284444,47.433333,,"Rakotovao, C.; Randriantafika, F.",,2000-10-02,Madagascar,K004152355
Macaranga sphaerophylla,K004152354,,,Euphorbiaceae,Macaranga,Macaranga sphaerophylla Baker,,,,,,,"Nusbaumer, L.; Ranirison, P.",,2005-11-20,Madagascar,K004152354
Macaranga sphaerophylla,K004152351,,,Euphorbiaceae,Macaranga,Macaranga sphaerophylla Baker,,,,,,,s.coll.,s.n.,,Madagascar,K004152351
Macaranga sphaerophylla,K004152358,,,Euphorbiaceae,Macaranga,Macaranga sphaerophylla Baker,,,,,,,s.coll.,,1965-10-23,Madagascar,K004152358
Macaranga sphaerophylla,K004152359,,,Euphorbiaceae,Macaranga,Macaranga sphaerophylla Baker,,,,,,,"Lorence, D.",,1978-10-30,Madagascar,K004152359
Macaranga sphaerophylla,K000425855,,,Euphorbiaceae,Macaranga,Macaranga sphaerophylla Baker,,Type,Macaranga sphaerophylla,,,,"Baron, R.",1732,,Madagascar,K000425855
Macaranga sphaerophylla,K004152349,,,Euphorbiaceae,Macaranga,Macaranga sphaerophylla Baker,,,,,,,"Baron, R. (Rev.)",4444,,Madagascar,K004152349
Macaranga sphaerophylla,K004152350,,,Euphorbiaceae,Macaranga,Macaranga sphaerophylla Baker,,,,,,,s.coll.,435,,Madagascar,K004152350
Macaranga warburgiana,K006871360,,,Euphorbiaceae,Macaranga,Macaranga warburgiana Pax & K.Hoffm.,,,,-13.953333,50.001667,,"Andriambololonera, S.; Bernard, R.; Rabarimanarivo, M.; Ravololomanana, N.; Randrianaivo, R.; Razafindraibe, H.",707,2022-10-25,Madagascar,
Macaranga warburgiana,K001769365,,,Euphorbiaceae,Macaranga,Macaranga warburgiana Pax & K.Hoffm.,,,,-23.519444,47.494167,,"Ratovoson, F.; Razafindrahaja, V.",2317,2016-10-09,Madagascar,K001769365
Orfilea ankafinensis,K004152198,,,Euphorbiaceae,Orfilea,Orfilea ankafinensis (Baill.) Radcl.-Sm. & Govaerts,,,,-13.644166,48.671667,,"Rakotovao, C.; Callmander, M.; Vazaha, J.; Ancelme; Torze; Tombo; Alexi",3763,2007-11-22,Madagascar,K004152198
Orfilea ankafinensis,K004152189,,,Euphorbiaceae,Orfilea,Orfilea ankafinensis (Baill.) Radcl.-Sm. & Govaerts,,,,-13.734445,49.375,,"Razakamalala, R.; Randriambololomamonjy, O.; Jaoindy",3451,2007-10-26,Madagascar,K004152189
Orfilea ankafinensis,K004152201,,,Euphorbiaceae,Orfilea,Orfilea ankafinensis (Baill.) Radcl.-Sm. & Govaerts,,,,-14.033333,48.3,,"Gautier, L.; Derleth, P.",LG2590,1994-11-17,Madagascar,K004152201; K004152201_a
Orfilea ankafinensis,K004152193,,,Euphorbiaceae,Orfilea,Orfilea ankafinensis (Baill.) Radcl.-Sm. & Govaerts,,,,-14.033333,48.3,,"Gautier, L.; Messmer, N.; D'Amico, C.",LG3263,1997-09-10,Madagascar,K004152193
Orfilea ankafinensis,K004152202,,,Euphorbiaceae,Orfilea,Orfilea ankafinensis (Baill.) Radcl.-Sm. & Govaerts,,,,-14.033333,48.3,,"Gautier, L.; Derleth, P.",LG2575,1994-11-16,Madagascar,K004152202
Orfilea ankafinensis,K004152200,,,Euphorbiaceae,Orfilea,Orfilea ankafinensis (Baill.) Radcl.-Sm. & Govaerts,,,,-14.083333,48.383333,,"Gautier, L.; Chatelain, C.",LG2820,1995-05-26,Madagascar,K004152200; K004152200_a
Orfilea ankafinensis,K004152192,,,Euphorbiaceae,Orfilea,Orfilea ankafinensis (Baill.) Radcl.-Sm. & Govaerts,,,,-14.083333,48.4,,"Rakotomalala, L.; Narison",114,1994-01-12,Madagascar,K004152192
Orfilea ankafinensis,K004152191,,,Euphorbiaceae,Orfilea,Orfilea ankafinensis (Baill.) Radcl.-Sm. & Govaerts,,,,-14.083333,48.4,,"Rakotomalala, L.; Narison",185,1994-01-15,Madagascar,K004152191
Orfilea ankafinensis,K004152208,,,Euphorbiaceae,Orfilea,Orfilea ankafinensis (Baill.) Radcl.-Sm. & Govaerts,,,,-14.083333,48.383333,,"Malcomber, S.; Hutcheon, J.; Razafimanantsoa, A.; Zjhra, M.",1421,1992-04-11,Madagascar,K004152208; K004152208_a
Orfilea ankafinensis,K004152203,,,Euphorbiaceae,Orfilea,Orfilea ankafinensis (Baill.) Radcl.-Sm. & Govaerts,,,,-14.231666,49.139722,,"Randrianarivony, T.; Andriamiarinoro, H.; Vaovao; Patrick",86,2005-11-18,Madagascar,K004152203
Orfilea ankafinensis,K004152188,,,Euphorbiaceae,Orfilea,Orfilea ankafinensis (Baill.) Radcl.-Sm. & Govaerts,,,,-14.416667,49.6,,"Gautier, L.; Ravelonarivo, D.; Andriamparany, R.",LG3793,2001-10-13,Madagascar,K004152188
Orfilea ankafinensis,K004152180,,,Euphorbiaceae,Orfilea,Orfilea ankafinensis (Baill.) Radcl.-Sm. & Govaerts,,,,-14.416667,49.833334,,"Deroin, T.; Badre, F.",95,1989-11-14,Madagascar,K004152180
Orfilea ankafinensis,K004152172,,,Euphorbiaceae,Orfilea,Orfilea ankafinensis (Baill.) Radcl.-Sm. & Govaerts,,,,-14.61,49.425,,"Rakotomalaza, P.J.; Ravelomanantsoa, D.",PJ1993,1999-10-18,Madagascar,K004152172
Orfilea ankafinensis,K004152205,,,Euphorbiaceae,Orfilea,Orfilea ankafinensis (Baill.) Radcl.-Sm. & Govaerts,,,,-14.681944,49.472222,,"Ravelonarivo, D.; et al.",297,1994-07-08,Madagascar,K004152205
Orfilea ankafinensis,K004152185,,,Euphorbiaceae,Orfilea,Orfilea ankafinensis (Baill.) Radcl.-Sm. & Govaerts,,,,-14.754444,49.486389,,"Razafimandimbison, S.G.; Ravelonarivo, D.; Andriambolonera, S.; Rakotoarisoa, J.; Andriamahefarivo, L.",246,1996-07-12,Madagascar,K004152185
Orfilea ankafinensis,K004152184,,,Euphorbiaceae,Orfilea,Orfilea ankafinensis (Baill.) Radcl.-Sm. & Govaerts,,,,-14.78,49.478333,,"Malcomber, S.; Lewis, B.; McDonagh, J.; Halleaux, D.",2671,1994-01-17,Madagascar,K004152184
Orfilea ankafinensis,K000312443,,,Euphorbiaceae,Orfilea,Orfilea ankafinensis (Baill.) Radcl.-Sm. & Govaerts,,,,-15.773611,50.014167,,"Ralimanana, H.; Andrianaivoravelona, B.; Rakotovao, F.; Jocelyn",RLI 1259,2009-09-04,Madagascar,K000312443
Orfilea ankafinensis,K004152209,,,Euphorbiaceae,Orfilea,Orfilea ankafinensis (Baill.) Radcl.-Sm. & Govaerts,,,,-16.821944,49.170555,,"Ralimanana, H.; Rakotonasolo, F.; Britt, A.; Beentje, H.; Benoit; agents, A.",347,2003-12-10,Madagascar,K004152209
Orfilea ankafinensis,K004152207,,,Euphorbiaceae,Orfilea,Orfilea ankafinensis (Baill.) Radcl.-Sm. & Govaerts,,,,-16.848055,49.181666,,"Ralimanana, H.; Rakotonasolo, F.; Beentje, H.; Benoit; Elysé; Defa; Francis; Ernest",376,2003-12-13,Madagascar,K004152207
Orfilea ankafinensis,K004152187,,,Euphorbiaceae,Orfilea,Orfilea ankafinensis (Baill.) Radcl.-Sm. & Govaerts,,,,-18.854444,48.307222,,"Rakotovao, C.; Edmond, F.; Razafindasy, R.; Antilahimena, P.; Razanatsoa, M.",1216,2005-02-19,Madagascar,K004152187
Orfilea ankafinensis,K004152197,,,Euphorbiaceae,Orfilea,Orfilea ankafinensis (Baill.) Radcl.-Sm. & Govaerts,,,,-18.854722,48.298611,,"Antilahimena, P.; Razanatsoa, H.; Rakotovao, C.; Felix",3818,2005-09-29,Madagascar,K004152197
Orfilea ankafinensis,K004152199,,,Euphorbiaceae,Orfilea,Orfilea ankafinensis (Baill.) Radcl.-Sm. & Govaerts,,,,-18.883334,48.45,,"Nicoll, M.",179,1986-11-24,Madagascar,K004152199
Orfilea ankafinensis,K004152181,,,Euphorbiaceae,Orfilea,Orfilea ankafinensis (Baill.) Radcl.-Sm. & Govaerts,,,,-18.933334,48.416667,,"Dorr, L.J.; Barnett, L.C.",3181,1984-11-02,Madagascar,K004152181
Orfilea ankafinensis,K004152204,,,Euphorbiaceae,Orfilea,Orfilea ankafinensis (Baill.) Radcl.-Sm. & Govaerts,,,,-19.130555,48.400833,,"Razanatsima, A.; Randrianasolo, A.; Ranaivojaona, R.; Razakamalala, R.; Rasoarivety, L.; Rakotoarivony, F.",251,2007-05-31,Madagascar,K004152204
Orfilea ankafinensis,K004152183,,,Euphorbiaceae,Orfilea,Orfilea ankafinensis (Baill.) Radcl.-Sm. & Govaerts,,,,-19.68,47.77,,"Messmer, N.; Andriatsiferana, F.",NM652,1999-01-12,Madagascar,K004152183
Orfilea ankafinensis,K004152173,,,Euphorbiaceae,Orfilea,Orfilea ankafinensis (Baill.) Radcl.-Sm. & Govaerts,,,,-19.68,47.77,,"Messmer, N.; Andriatsiferana, F.",NM642,1999-01-08,Madagascar,K004152173
Orfilea ankafinensis,K004152176,,,Euphorbiaceae,Orfilea,Orfilea ankafinensis (Baill.) Radcl.-Sm. & Govaerts,,,,-19.683333,47.75,,"Irwin, M.",4,2003-02-27,Madagascar,K004152176
Orfilea ankafinensis,K004152175,,,Euphorbiaceae,Orfilea,Orfilea ankafinensis (Baill.) Radcl.-Sm. & Govaerts,,,,-19.706667,47.835,,"Messmer, N.; Andriatsiferana, F.",NM707,1999-01-18,Madagascar,K004152175
Orfilea ankafinensis,K004152179,,,Euphorbiaceae,Orfilea,Orfilea ankafinensis (Baill.) Radcl.-Sm. & Govaerts,,,,-21.266667,47.416667,,"Schatz, G.E.; Miller, J.S.",2437,1988-12-05,Madagascar,K004152179
Orfilea ankafinensis,K004152206,,,Euphorbiaceae,Orfilea,Orfilea ankafinensis (Baill.) Radcl.-Sm. & Govaerts,,,,-21.776667,47.346666,,"Rakotovao, C.; Randriantafika, F.M.",1041,2000-10-22,Madagascar,K004152206
Orfilea ankafinensis,K004152213,,,Euphorbiaceae,Orfilea,Orfilea ankafinensis (Baill.) Radcl.-Sm. & Govaerts,,,,-22.222222,47.024722,,"Lewis, B.; Raharimalala, J.; Rahajasoa, G.; Randriambololona, M.; McDonagh, J.",752,1993-11-15,Madagascar,K004152213
Orfilea ankafinensis,K004152212,,,Euphorbiaceae,Orfilea,Orfilea ankafinensis (Baill.) Radcl.-Sm. & Govaerts,,,,-22.222778,46.971667,,"Lewis, B.; Raharilala, J.; Rakotomalala, P.J.; Andrianarisata, M.; McDonagh, J.",993,1993-12-01,Madagascar,K004152212
Orfilea ankafinensis,K004152182,,,Euphorbiaceae,Orfilea,Orfilea ankafinensis (Baill.) Radcl.-Sm. & Govaerts,,,,-22.222778,46.971667,,"Lewis, B.; Raharilala, J.; Rokotomalala, P.J.; Andrianarisata, M.; McDonagh, J.",963,1993-12-01,Madagascar,K004152182
Orfilea ankafinensis,K004152210,,,Euphorbiaceae,Orfilea,Orfilea ankafinensis (Baill.) Radcl.-Sm. & Govaerts,,,,-22.222778,46.971667,,"Lewis, B.; Raharilala, J.; Rakotomalala, L.; Andrianarisata, M.; McDonagh, J.",939,1993-12-01,Madagascar,K004152210
Orfilea ankafinensis,K004152186,,,Euphorbiaceae,Orfilea,Orfilea ankafinensis (Baill.) Radcl.-Sm. & Govaerts,,,,-24.783333,46.033333,,"Lowry II, P.P.; Leeuwenberg, A.J.M.; Floret, J.J.; Rajemsa",4446,1988-04-27,Madagascar,K004152186
Orfilea ankafinensis,K004152190,,,Euphorbiaceae,Orfilea,Orfilea ankafinensis (Baill.) Radcl.-Sm. & Govaerts,,,,-24.783333,46.033333,,"Lowry II, P.P.; Leeuwenberg, A.J.M.; Floret, J.J.; Rajemsa",4446,1988-04-27,Madagascar,K004152190
Orfilea ankafinensis,K004152178,,,Euphorbiaceae,Orfilea,Orfilea ankafinensis (Baill.) Radcl.-Sm. & Govaerts,,,,,,,"Humbert, H.",3505,1934-11-18,Madagascar,K004152178
Orfilea ankafinensis,K004152177,,,Euphorbiaceae,Orfilea,Orfilea ankafinensis (Baill.) Radcl.-Sm. & Govaerts,,,,,,,"Humbert, H.",6639,1928-11-16,Madagascar,K004152177
Orfilea ankafinensis,K004152194,,,Euphorbiaceae,Orfilea,Orfilea ankafinensis (Baill.) Radcl.-Sm. & Govaerts,,,,,,,"Gautier, L.; Rakotomamonjy, T.",LG3659,,Madagascar,K004152194_a
Orfilea ankafinensis,K004152174,,,Euphorbiaceae,Orfilea,Orfilea ankafinensis (Baill.) Radcl.-Sm. & Govaerts,,,,,,,"Rakotomalaza, P.J.; Ravelonarivo, D.; Ramboavelo, J.J.",PJ2055,1999-10-29,Madagascar,K004152174
Orfilea ankafinensis,K004152195,,,Euphorbiaceae,Orfilea,Orfilea ankafinensis (Baill.) Radcl.-Sm. & Govaerts,,,,,,,"Gautier, L.; Messmer, N.; Wohlhauser, S.",LG3337,,Madagascar,K004152195_a
Orfilea ankafinensis,K004152196,,,Euphorbiaceae,Orfilea,Orfilea ankafinensis (Baill.) Radcl.-Sm. & Govaerts,,,,,,,"Gautier, L.; Messmer, N.; Andriatsiferana, F.",LG3590,1999-03-17,Madagascar,K004152196_a
Orfilea ankafinensis,K004152211,,,Euphorbiaceae,Orfilea,Orfilea ankafinensis (Baill.) Radcl.-Sm. & Govaerts,,,,,,,"Hildebrandt, J.M.",3953,1881-03-01,Madagascar,K004152211
